-- phpMyAdmin SQL Dump
-- version 4.7.4
-- https://www.phpmyadmin.net/
--
-- Host: 127.0.0.1
-- Generation Time: Apr 17, 2020 at 03:04 AM
-- Server version: 10.1.30-MariaDB
-- PHP Version: 7.0.32

SET SQL_MODE = "NO_AUTO_VALUE_ON_ZERO";
SET AUTOCOMMIT = 0;
START TRANSACTION;
SET time_zone = "+00:00";


/*!40101 SET @OLD_CHARACTER_SET_CLIENT=@@CHARACTER_SET_CLIENT */;
/*!40101 SET @OLD_CHARACTER_SET_RESULTS=@@CHARACTER_SET_RESULTS */;
/*!40101 SET @OLD_COLLATION_CONNECTION=@@COLLATION_CONNECTION */;
/*!40101 SET NAMES utf8mb4 */;

--
-- Database: `software3`
--

-- --------------------------------------------------------

--
-- Table structure for table `actividadeslaborales`
--

CREATE TABLE `actividadeslaborales` (
  `ActividadLaboral_Cod` int(11) NOT NULL,
  `ActividadLaboral_CodigoH` varchar(7) NOT NULL,
  `ActividadLaboral_Desc` varchar(255) NOT NULL
) ENGINE=InnoDB DEFAULT CHARSET=latin1;

--
-- Dumping data for table `actividadeslaborales`
--

INSERT INTO `actividadeslaborales` (`ActividadLaboral_Cod`, `ActividadLaboral_CodigoH`, `ActividadLaboral_Desc`) VALUES
(1, '011101', 'CULTIVO Y VENTA DE CEREALES, LEGUMBRES Y GRANOS BASICOS NO INCLUIDAS EN CANASTA BASICA'),
(2, '011102', 'CULTIVO DE PALMA AFRICANA Y OTROS FRUTOS OLEAGINOSOS'),
(3, '011103', 'CULTIVO Y COMERCIALIZACION DE CESPED'),
(4, '011218', 'PRODUCCION DE MINIVEGETALES'),
(5, '011231', 'CULTIVO HORTALIZAS LEGUMBRES ESPECIALIDADES HORTICOLAS PRODUCTOS VIVERO GRAVADOS IVA'),
(6, '011301', 'CULTIVO DE ESPECIAS DE TODO TIPO'),
(7, '011302', 'CULTIVO DE FRUTAS'),
(8, '011322', 'CULTIVO DE SEMILLAS COMESTIBLES Y GERMINACION DE SEMILLAS OLEAGINOSAS'),
(9, '011329', 'CULTIVO DE PLANTAS PARA PREPARAR BEBIDAS Y MEDICINAS'),
(10, '011349', 'CULTIVO DE CACAO'),
(11, '011401', 'CULTIVO DE CAFE'),
(12, '011701', 'CULTIVO DE  CANA DE AZUCAR'),
(13, '011802', 'CULTIVO Y VENTA DE CEREALES, LEGUMBRES Y GRANOS BASICOS INCLUIDOS  EN CANASTA BASICA'),
(14, '011901', 'CULTIVO DE FLORES DE TODO TIPO'),
(15, '011903', 'VIVEROS'),
(16, '011907', 'PEQUENOS PRODUCTORES AGRICOLAS (FERIAS DEL AGRICULTOR)'),
(17, '012101', 'CRIA DE CABALLOS Y OTROS EQUINOS'),
(18, '012102', 'PRODUCCION DE SEMEN BOVINO, VENTA DE SEMEN CONGELADO Y DILUYENTE PARA SEMEN'),
(19, '012103', 'CRIA DE ANIMALES DOMESTICOS,COMO: GANADO VACUNO, OVEJAS Y CABRAS'),
(20, '012201', 'CRIA DE CERDOS'),
(21, '012202', 'CRIA DE ANIMALES DOMESTICADOS (AVES DE CORRAL)'),
(22, '012203', 'CRIA DE MARIPOSAS'),
(23, '012204', 'CRIA Y VENTA DE OTROS ANIMALES SEMIDOMESTICADOS O SALVAJES'),
(24, '012401', 'PRODUCCION Y VENTA DE HUEVOS DE CUALQUIER TIPO, EXCEPTO  LOS DE GALLINA'),
(25, '012402', 'CRIA DE ANIMALES Y OBTENCION DE PRODUCTOS DE ANIMALES VIVOS'),
(26, '012403', 'PRODUCCION DE HUEVOS DE GALLINA INCLUIDOS EN LA CANASTA BASICA'),
(27, '013001', 'CULTIVO DE PRODUCTOS AGRICOLAS EN COMBINACION CON LA CRIA DE ANIMALES'),
(28, '014001', 'SERVICIO DE JARDINERIA Y/O DISENO PAISAJISTA'),
(29, '014002', 'RECOLECCION DE COSECHAS Y ACTIVIDADES CONEXAS'),
(30, '014003', 'FUMIGACION DE CULTIVOS'),
(31, '014004', 'SERVICIO DE PLANTACION DE ARBOLES Y SIMILARES'),
(32, '014005', 'MANEJO E INSTALACION DE SISTEMAS DE RIEGO'),
(33, '015001', 'CAZA ORDINARIA MEDIANTE TRAMPAS, Y REPOBLACION DE ANIMALES DE CAZA'),
(34, '020001', 'VENTA DE ARBOLES EN PIE (ARBOLES DE REFORESTACION)'),
(35, '020002', 'EXTRACCION Y/O VENTA DE MADERA'),
(36, '020005', 'ACTIVIDADES DE CONSERVACION DE BOSQUES. (SERVICIOS AMBIENTALES, VENTA DE OXIGENO)'),
(37, '050001', 'PESCADORES ARTESANALES EN PEQ. ESCALA'),
(38, '050002', 'PESCADORES ARTESANALES MEDIOS'),
(39, '050003', 'CRIADERO DE PECES, CRUSTACEOS O MOLUSCOS. COMERCIALIZACION DE LARVAS DE ESPECIES'),
(40, '050005', 'PESCADORES EN GRAN ESCALA'),
(41, '101001', 'EXTRACCION Y AGLOMERACION DE CARBON DE PIEDRA'),
(42, '111001', 'EXTRACCION DE PETROLEO CRUDO Y GAS NATURAL'),
(43, '120001', 'EXTRACCION DE MINERALES DE URANIO Y TORIO'),
(44, '141001', 'EXTRACCION DE PIEDRA, ARENA Y ARCILLA'),
(45, '142101', 'EXTRACCION DE MINERALES Y SUSTANCIAS PARA LA FABRICACION DEABONOS'),
(46, '142201', 'EXTRACCION DE SAL'),
(47, '142901', 'EXPLOTACION DE OTRAS MINAS Y CANTERAS N.C.P.'),
(48, '142902', 'VENTA DE ASFALTO/MEZCLA ASFALTICA'),
(49, '151101', 'ELABORACION Y CONSERVACION DE CARNE  Y EMBUTIDOS DE GANADO VACUNO, PORCINO  Y DE AVES'),
(50, '151102', 'OPERACION DE MATADEROS QUE REALIZAN ACTIVIDADES DE MATANZA DE ANIMALES'),
(51, '151103', 'PRODUCCION DE CUEROS Y PIELES SIN CURTIR'),
(52, '151105', 'PRODUCCION Y VENTA DE EMBUTIDOS EMPACADOS, ENVASADO Y ENLATADO'),
(53, '151201', 'ELABORACION Y CONSERVACION DE PESCADO, CRUSTACEOS Y MOLUSCOS'),
(54, '151301', 'ELABORACION Y CONSERVACION DE FRUTAS, LEGUMBRES Y HORTALIZAS'),
(55, '151304', 'PRODUCCION DE CONCENTRADOS PARA JUGOS (CITRICULTURA)'),
(56, '151401', 'ELABORACION Y VENTA DE ACEITES  Y GRASAS DE ORIGEN VEGETAL Y ANIMAL'),
(57, '152001', 'PRODUCCION DE HELADOS Y OTROS PRODUCTOS SIMILARES'),
(58, '152002', 'ELABORACION Y VENTA DE PRODUCTOS LACTEOS NO INCLUIDOS EN CANASTA BASICA'),
(59, '152003', 'ELABORACION DE PRODUCTOS DE MOLINERIA NO INCLUIDOS CANASTA BASICA'),
(60, '153101', 'SERVICIO DE MOLIENDA'),
(61, '153102', 'ELABORACION DE PRODUCTOS DE MOLINERIA NO INCLUIDOS CANASTA BASICA'),
(62, '153103', 'BENEFICIO DE ARROZ'),
(63, '153104', 'ELABORACION DE PRODUCTOS DE MOLINERIA INCLUIDOS EN CANASTA BASICA'),
(64, '153201', 'ELABORACION DE PRODUCTOS DERIVADOS DE ALMIDON'),
(65, '153301', 'ELABORACION DE ALIMENTOS PARA ANIMALES DESTINADOS AL CONSUMO HUMANO'),
(66, '153302', 'ELABORACION DE PACAS DE HENO'),
(67, '154101', 'VENTA DE PAN Y OTROS PRODUCTOS SIMILARES GRAVADOS CON IVA'),
(68, '154102', 'ELABORACION Y VENTA DE PRODUCTOS DE PANADERIA NO INCLUIDOS EN CANASTA BASICA '),
(69, '154104', 'ELABORACION Y VENTA DE PRODUCTOS DE PANADERIA INCLUIDOS EN CANASTA BASICA'),
(70, '154201', 'ELABORACION  Y VENTA DE AZUCAR Y PRODUCTOS DERIVADOS DE LA CANA DE AZUCAR'),
(71, '154301', 'ELABORACION DE CACAO'),
(72, '154302', 'ELABORACION DE CHOCOLATE'),
(73, '154303', 'ELABORACION DE DULCES, GOLOSINAS Y CONSERVAS EN AZUCAR'),
(74, '154401', 'ELABORACION DE MACARRONES, FIDEOS, ALCUZCUZ Y PRODUCTOS FARINACEOS SIMILARES'),
(75, '154402', 'ELABORACION DE MACARRONES, FIDEOS, ALCUZCUZ Y PRODUCTOS FARINACEOS SIMILARES INCLUIDOS EN CANASTA BASICA'),
(76, '154902', 'FABRICACION DE PRODUCTOS ALIMENTICIOS PREPARADOS N.C.P. (NO CONTEMPLADOS EN OTRA'),
(77, '154903', 'FABRICACION DE HIELO'),
(78, '154904', 'FABRICACION DE CAFE (EXCEPTO EL ENVASADO, ENLATADO, SOLUBLEY EL DESCAFEINADO)'),
(79, '154905', 'ELABORACION DE PRODUCTOS DE MAIZ EXENTOS DE IVA'),
(80, '154908', 'ELABORACION DE PRODUCTOS DE MAIZ GRAVADOS CON IVA'),
(81, '155101', 'ELABORAC. RECTIFICAC MEZCLA BEBIDAS ALCOHOLICAS/PROD. DE ALCOHOL ETILICO (SUSTAN'),
(82, '155103', 'ELABORACION DE BEBIDAS CON PORCENTAJE DE ALCOHOL POR VOLUMEN MENOR AL 15%.'),
(83, '155301', 'ELABORACION DE BEBIDAS MALTEADAS Y DE MALTA NO ARTESANALES'),
(84, '155302', 'ELABORACION ARTESANAL DE BEBIDAS MALTEADAS Y DE MALTA.'),
(85, '155403', 'ELABORACION DE BEBIDAS NO ALCOHOLICAS / GASEOSAS / AGUA MINERAL Y DE MANANTIAL'),
(86, '155404', 'ELABORACION DE CONCENTRADO PARA BEBIDAS NATURALES Y GASEOSAS'),
(87, '160001', 'ELABORACION DE PRODUCTOS DE TABACO'),
(88, '171101', 'FABRICACION DE TODO TIPO DE TELAS Y/O HILOS'),
(89, '171201', 'MAQUILA DE PRODUCTOS TEXTILES'),
(90, '171202', 'HIDROFUGADO/IMPERMEABILIZADO'),
(91, '172101', 'FABRICACION DE ARTICULOS CONFECCIONADOS DE MATERIALES TEXTILES, EXEPTO PRENDAS D'),
(92, '172103', 'DISENO ARTISTICO PARA COSTURA (MOLDES)'),
(93, '172201', 'FABRICACION DE TAPICES Y ALFOMBRAS'),
(94, '172301', 'FABRICACION DE CUERDAS, CORDELES,BRAMANTES Y REDES'),
(95, '172302', 'FABRICACION DE HILOS Y CUERDAS PARA USO AGRICOLA Y PESCA'),
(96, '172902', 'SERVICIO DE BORDADO A MANO O A MAQUINA'),
(97, '173001', 'FABRICACION DE TEJDOS Y ARTICULOS DE PUNTO Y GANCHILLO'),
(98, '181001', 'SERVICIOS DE COSTURA Y SASTRERIA (COSTURERAS Y SASTRES)'),
(99, '181002', 'FABRICACION DE PRENDAS DE VESTIR (ROPA DE TODO TIPO)'),
(100, '182001', 'ADOBO Y TENIDO DE PIELES; FABRICACION DE ARTICULOS DE PIEL NATURAL O ARTIFICIAL'),
(101, '191101', 'FABRICACION DE MALETAS, BOLSOS DE MANO Y ARTICULOS SIMILARES'),
(102, '192001', 'FABRICACION DE  TODO TIPO DE ZAPATOS EXEPTO EL ORTOPEDICO'),
(103, '201002', 'ASERRADO Y ACEPILLADURA DE MADERA'),
(104, '202101', 'FABRICACION DE HOJAS DE MADERA PARA ENCHAPADO Y TABLEROS COMO PLYWOOD, DURPANEL'),
(105, '202201', 'FABRICACION DE PARTES Y PIEZAS DE CARPINTERIA PARA EDIFICIOS Y CONSTRUCCIONES'),
(106, '202301', 'FABRICACION DE TARIMAS'),
(107, '202902', 'FABRICACION  Y/O VENTA DE ATAUDES (CAJAS MORTUORIAS, FERETROS).'),
(108, '210101', 'FABRICACION DE PAPEL Y CARTON Y ENVASES DE PAPEL Y CARTON'),
(109, '210201', 'FABRICACION DE OTROS ARTICULOS DE PAPEL Y CARTON'),
(110, '221101', 'EDICION DE LIBROS DE TEXTOS'),
(111, '221201', 'EDICION DE PERIODICOS, REVISTAS Y OTRAS PUBLICACIONES PERIODICAS'),
(112, '221901', 'ARTES GRAFICAS'),
(113, '222102', 'TIPOGRAFIA  Y/O LITOGRAFIA (IMPRENTA)'),
(114, '222104', 'IMPRESION DIGITAL'),
(115, '222105', 'SERIGRAFIA'),
(116, '223001', 'REPRODUCCION DE GRABACIONES'),
(117, '232001', 'REFINERIAS DE PETROLEO'),
(118, '232002', 'FABRICACION DE PRODUCTOS DIVERSOS DERIVADOS DEL PETROLEO'),
(119, '232005', 'ELABORACION DE BIOCOMBUSTIBLES'),
(120, '241101', 'FABRICACION DE SUSTANCIAS QUIMICAS Y GASES INDUSTRIALES EXCEPTO ABONOS'),
(121, '241201', 'FABRICACION DE ABONOS Y COMPUESTOS DE NITROGENO (ORGANICOS Y QUIMICOS)'),
(122, '241301', 'FABRICACION DE PLASTICOS Y CAUCHO SINTETICO EN FORMAS PRIMARIAS'),
(123, '241302', 'FABRICACION DE RESINAS'),
(124, '242101', 'FABRICACION DE PLAGUICIDAS Y OTROS PRODUCTOS QUIMICOS DE USO AGROPECUARIO'),
(125, '242201', 'FABRICACION DE PINTURAS, BARNICES Y PRODUCTOS DE REVESTIMI-TO SIMILARES'),
(126, '242202', 'FABRICACION DE TINTAS DE IMPRENTAS'),
(127, '242301', 'FABRICACION PRODUCTOS FARMACEUTICOS, SUSTANCIAS QUIMICAS  Y PRODUCTOS BOTANICOS'),
(128, '242401', 'FABRICACION JABONES, DETERGENTES, PREPARADOS DE TOCADOR, PARA LIMPIAR PULIR '),
(129, '242404', 'FABRICACION DE JABONES DE TOCADOR'),
(130, '242405', 'FABRICACION DE JABONES PARA LAVAR (EXCEPTO PREPARACIONES TENSO ACTIVAS USADAS'),
(131, '242406', 'FABRICACION DE CERAS, ABRILLANTADORES, LUSTRADORES Y PREPARACIONES SIMILARES'),
(132, '242901', 'FABRICACION DE OTROS PRODUCTOS QUIMICOS.'),
(133, '242902', 'FABRICACION DE PEGAMENTOS Y ADHESIVOS'),
(134, '242903', 'REPARACION DE ARMAS DE FUEGO'),
(135, '243001', 'FABRICACION DE FIBRAS SINTETICAS'),
(136, '251101', 'FABRICACION DE LLANTAS Y CUBIERTAS PARA EQUIPO Y MAQUINARIAMOVIL'),
(137, '251102', 'REENCAUCHADORA DE LLANTAS'),
(138, '251901', 'FABRICACION DE OTROS PRODUCTOS DE CAUCHO'),
(139, '252001', 'FABRICACION DE ARTICULOS DE PLASTICO'),
(140, '261001', 'FABRICACION DE VIDRIO Y PRODUCTOS DE VIDRIO'),
(141, '269101', 'FABRICACION PRODUCTOS DE CERAMICA BARRO LOZA Y/O PORCELANANO REFRACTARIA USO NO ESTRUCTURAL'),
(142, '269201', 'FABRICACION DE PRODUCTOS DE CERAMICA REFRACTARIA'),
(143, '269301', 'FABRICACION DE PRODUCTOS DE ARCILLA Y CERAMICA NO REFRACTARIAS PARA USO ESTRUCTURAL'),
(144, '269401', 'FABRICACION Y/O VENTA DE CEMENTO, CAL Y YESO'),
(145, '269501', 'FABRICACION DE ARTICULOS DE CEMENTO, YESO Y HORMIGON PARA LA CONSTRUCCION'),
(146, '269601', 'CORTE, TALLADO Y ACABADO DE LA PIEDRA'),
(147, '269901', 'FABRICACION DE OTROS PRODUCTOS MINERALES NO METALICOS N.C.P.'),
(148, '271001', 'INDUSTRIAS BASICAS DE HIERRO Y ACERO'),
(149, '272001', 'FABRICACION DE PRODUCTOS PRIMARIOS DE METALES PRECIOSOS Y METALES NO FERROSOS'),
(150, '273101', 'FUNDICION DE HIERRO Y ACERO'),
(151, '273201', 'FUNDICION DE METALES NO FERROSOS'),
(152, '281101', 'FABRICACION DE PRODUCTOS METALICOS PARA USO ESTRUCTURAL'),
(153, '281201', 'FABRICACION DE TANQUES, DEPOSITOS Y RECIPIENTES DE METAL'),
(154, '281301', 'FABRICACION GENERADORES DE VAPOR, EXCEPTO CALDERAS DE AGUA CALIENTE PARA CALEFACCION'),
(155, '289201', 'SERVICIOS DE SOLDADURA'),
(156, '289202', 'SERVICIO DE TRATAMIENTO Y REVESTIMIENTO DE TODO TIPO DE MATERIALES'),
(157, '289302', 'HOJALATERIA'),
(158, '289304', 'TALLER DE MECANICA DE PRECISION'),
(159, '289305', 'FABRICACION DE PIEZAS, ARTICULOS Y ACCESORIOS DE METAL INCLUYE LAS CERRAJERIAS.'),
(160, '289306', 'SERVICIOS DE TORNO (MECANICA DE PRECISION)'),
(161, '289902', 'FABRICACION DE OTROS PRODUCTOS ELABORADOS DE METAL N.C.P.'),
(162, '290001', 'SERVICIO DE REPARACION DE MAQUINARIA Y EQUIPO.'),
(163, '290003', 'SERVICIO DE MANTENIMIENTO DE MAQUINARIA Y EQUIPO.'),
(164, '291101', 'FABRICACION DE MOTORES Y TURBINAS, EXCEPTO MOTORES PARA AERONAVES, VEHICULOS AUT'),
(165, '291201', 'FABRICACION DE BOMBAS, COMPRESORES, GRIFOS Y VALVULAS'),
(166, '291202', 'VENTA DE BOMBAS DE AGUA'),
(167, '291401', 'FABRICACION DE HORNOS Y QUEMADORES'),
(168, '291901', 'REPARACION DE EQUIPO DE REFRIGERACION Y CONGELACION'),
(169, '291903', 'INSTALACION Y/O MANTENIMIENTO DE EQUIPO DE REFRIGERACION Y CONGELACION'),
(170, '292101', 'FABRICACION DE MAQUINARIA AGRICOLA'),
(171, '292201', 'FABRICACION DE MAQUINAS HERRAMIENTA'),
(172, '292301', 'FABRICACION DE MAQUINARIA METALURGICA'),
(173, '292401', 'FABRICACION DE MAQUINARIA PARA LA EXPLOTACION DE MINAS Y CANTERAS '),
(174, '292402', 'PERFORACION DE POZOS'),
(175, '292501', 'FABRICACION DE MAQUINARIA PARA LA ELABORACION DE ALIMENTOS,BEBIDAS Y TABACO'),
(176, '292601', 'FABRICACION MAQUINARIA PARA LA ELABORACION DE PRODUCTOS TEXTILES, PRENDAS DE VES'),
(177, '292701', 'FABRICACION DE ARMAS Y MUNICIONES'),
(178, '292901', 'FABRICACION DE OTROS TIPOS DE MAQUINARIA DE USO ESPECIAL'),
(179, '293001', 'FABRICACION DE APARATOS DE USO DOMESTICO N.C.P.'),
(180, '300001', 'FABRICACION DE MAQUINARIA DE OFICINA, CONTABILIDAD E INFORMATICA'),
(181, '311001', 'FABRICACION DE MOTORES, GENERADORES Y TRANSFORMADORES ELECTRICOS, PARTES Y ACCESORIOS'),
(182, '313001', 'FABRICACION DE HILOS Y CABLES AISLADOS'),
(183, '314001', 'FABRICACION DE PILAS, BATERIAS Y ACUMULADORES'),
(184, '315001', 'FABRICACION DE LAMPARAS ELECTRICAS Y EQUIPO DE ILUMINACION'),
(185, '319001', 'FABRICACION DE OTROS TIPOS DE EQUIPO ELECTRICO N.C.P.'),
(186, '321001', 'MANUFACTURA O FABRICACION DE OTROS COMPONENTES ELECTRONICOS'),
(187, '321002', 'DISENO DE COMPONENTES ELECTRONICOS'),
(188, '322001', 'FABRICACION DE TRANSMISORES Y RECEPTORES DE RADIO Y TELEVISION'),
(189, '331101', 'FABRICACION  DE PROTESIS EN GENERAL'),
(190, '331102', 'FABRICACION Y COMERCIALIZACION DE EQUIPO MEDICO'),
(191, '331103', 'FABRICACION Y COMERCIALIZACION DE ZAPATOS ORTOPEDICOS'),
(192, '331201', 'FABRICACION DE EQUIPOS PARA MEDIR, VERIFICAR, Y NAVEGAR Y DE EQUIPOS DE CONTROL'),
(193, '332001', 'FABRICACION DE INSTRUMENTOS OPTICOS Y EQUIPO FOTOGRAFICO'),
(194, '333001', 'FABRICACION DE RELOJES DE TODO TIPO'),
(195, '341001', 'FABRICACION DE VEHICULOS AUTOMOTORES'),
(196, '342001', 'FABRICACION DE CARROCERIAS PARA VEHICULOS AUTOMOTORES, REMOLQUES Y SEMIREMOLQUES'),
(197, '034200', '2 FABRICACION DE CARROCERIAS PARA CAMIONES DE LAS PARTIDAS ARANCELARIAS 870790002'),
(198, '343001', 'FABRICACION DE PARTES, PIEZAS Y ACCESORIOS PARA VEHICULOS AUTOMOTORES'),
(199, '351101', 'SERVICIO DE REPARACION DE EMBARCACIONES Y SUS PARTES Y/O ESTRUCTURAS FLOTANTES'),
(200, '351102', 'CONSTRUCCION DE EMBARCACIONES Y ESTRUCTURAS FLOTANTES'),
(201, '351103', 'VENTA DE EMBARCACIONES DE MOTOR Y VELA'),
(202, '352001', 'FABRICACION DE LOCOMOTORAS Y  MATERIAL RODANTE PARA FERROCARRILES Y TRANVIAS'),
(203, '353001', 'FABRICACION DE AERONAVES Y NAVES ESPACIALES Y MAQUINARIA CONEXA'),
(204, '359101', 'FABRICACION DE MOTOCICLETAS, PARTES, PIEZAS Y SUS ACCESORIOS'),
(205, '359201', 'FABRICACION DE BICICLETAS Y SILLAS DE RUEDAS, PARTES, PIEZAS Y SUS ACCESORIOS'),
(206, '359901', 'FABRICACION DE OTROS TIPOS DE EQUIPO DE TRANSPORTE N.C.P.'),
(207, '361001', 'FABRICACION Y/O REPARACION DE MUEBLES Y ACCESORIOS (INCLUYECOLCHONES)'),
(208, '361002', 'REPARACION DE TAPICERIA'),
(209, '361004', 'MAQUILA DE MUEBLES'),
(210, '369101', 'FABRICACION DE JOYAS, BISUTERIA Y ARTICULOS CONEXOS'),
(211, '369201', 'FABRICACION DE INSTRUMENTOS MUSICALES, PARTES Y PIEZAS Y SUS ACCESORIOS'),
(212, '369301', 'FABRICACION DE ARTICULOS DE DEPORTE'),
(213, '369401', 'FABRICACION DE JUEGOS Y JUGUETES'),
(214, '369901', 'FABRICACION DE  ESCOBAS'),
(215, '369902', 'FABRICACION DE VELAS (CANDELAS) EXCEPTO LAS PERFUMADAS, COLOREADAS Y DECORADAS.'),
(216, '369903', 'FABRICACION DE VELAS COLOREADAS, PERFUMADAS Y DECORADAS'),
(217, '369904', 'FABRICACION DE SELLOS DE MANO, METAL O HULE (CAUCHO)'),
(218, '371001', 'RECICLAJE DE DESPERDICIOS Y DESECHOS METALICOS'),
(219, '372001', 'RECICLAJE DE OTRO TIPO DE MATERIALES N.C.P.'),
(220, '372003', 'RECICLAJE DE PAPEL Y PLASTICO Y MATERIALES RELACIONADOS'),
(221, '401002', 'GENERACION Y/O DISTRIBUCION DE ENERGIA ELECTRICA (HIDRAULICA,CONVENCIONAL, TERMI'),
(222, '401004', 'FABRICACION, ENSAMBLE Y VENTA DE SISTEMAS PARA EL APROVECHAMIENTO DE ENERGIAS RE'),
(223, '402001', 'FABRICACION DE GAS; DISTRIBUCION DE COMBUSTIBLES GASEOSOS POR TUBERIAS'),
(224, '402002', 'INSTALACION Y VENTA DE TANQUES PARA GAS'),
(225, '403001', 'SUMINISTRO DE VAPOR Y AIRE ACONDICIONADO'),
(226, '410001', 'CAPTACION, TRATAMIENTO Y DISTRIBUCION DE AGUA'),
(227, '451001', 'DEMOLICION DE EDIFICIOS Y OTRAS ESTRUCTURAS'),
(228, '451002', 'PREPARACION DE TERRENOS'),
(229, '452002', 'CONSTRUCCION DE EDIFICIOS, APARTAMENTOS, CONDOMINIOS  Y CASAS DE HABITACION'),
(230, '452003', 'MANTENIMIENTO, REPARACION Y AMPLIACIONES DE EDIFICIOS, APARTAMENTOS, CONDOMINIOS'),
(231, '452005', 'CONSTRUCCION Y MANTENIMIENTO DE CARRETERAS Y OTRAS VIAS'),
(232, '452006', 'ACTIVIDADES DE CONSTRUCCION ESPECIALES'),
(233, '453001', 'REPARACION DE AIRE ACONDICIONADO'),
(234, '453002', 'REPARACION  DE ASCENSORES(ELEVADORES)'),
(235, '453003', 'VENTA E INSTALACION DE ALARMAS Y OTROS SISTEMAS ELECTRICOS'),
(236, '453004', 'REPARACION DE CABLEADO DE COMUNICACIONES'),
(237, '453005', 'INSTALACION DE ALARMAS Y OTROS SISTEMAS DE SEGURIDAD'),
(238, '453006', 'INSTALACION Y MANTENIMIENTO DE AIRE ACONDICIONADO'),
(239, '453007', 'INSTALACION Y MANTENIMIENTO DE ASCENSORES (ELEVADORES)'),
(240, '453008', 'INSTALACION Y MANTENIMIENTO DE CABLEADO DE COMUNICACIONES Y/O ENERGIA ELECTRICA'),
(241, '453009', 'REPARACION DE PORTONES ELECTRICOS'),
(242, '453010', 'INSTALACION Y MANTENIMIENTO DE PORTONES ELECTRICOS'),
(243, '453011', 'INSTALACION Y MANTENIMIENTO DE CONMUTADORES Y OTROS SISTEMAS PARA TELECOMUNICACI'),
(244, '454001', 'SERVICIOS DE TERMINACION Y ACABADO DE EDIFICIOS'),
(245, '455001', 'ALQUILER DE EQUIPO DE CONSTRUCCION O DEMOLICION CON OPERADORES'),
(246, '501001', 'VENTA AL POR MAYOR Y MENOR DE VEHICULOS NUEVOS Y/O USADOS (PARTIDAS ARANCELARIAS 8702 Y 8704)'),
(247, '501002', 'VENTA AL POR MAYOR Y MENOR DE VEHICULOS NUEVOS Y/O USADOS, EXCEPTO PARTIDAS ARANCELARIAS 8702 Y 8704'),
(248, '502001', 'LAVADO, ENCERADO Y PULIDO DE AUTOMOVILES (LAVA CAR)'),
(249, '502002', 'SERVICIOS DE  ALINEAMIENTO Y REPARACION DE LLANTAS'),
(250, '502003', 'SERVICIO DE REPARACION DE TODA CLASE DE VEHICULOS Y SUS PARTES'),
(251, '502004', 'SERVICIO DE ENDEREZADO Y PINTURA PARA TODA CLASE DE VEHICULO'),
(252, '502007', 'AUTODECORACION'),
(253, '502008', 'SERVICIO DE REVISION TECNICA VEHICULAR(DIAGNOSTICOS POR ESCANER)'),
(254, '503002', 'VENTA DE REPUESTOS USADOS PARA AUTOMOVILES'),
(255, '503004', 'VENTA DE REPUESTOS NUEVOS PARA AUTOMOVILES'),
(256, '503005', 'COMERCIALIZACION DE LLANTAS (NEUMATICAS) PARA VEHICULOS AUTOMOTORES'),
(257, '503006', 'ACTIVIDADES DE DESARME DE VEHICULOS Y VENTA DE REPUESTOS'),
(258, '504001', 'VENTA DE MOTOCICLETAS'),
(259, '504003', 'VENTA DE PARTES O ACCESORIOS DE MOTOCICLETAS'),
(260, '504004', 'SERVICIO DE REPARACION DE TODA CLASE DE MOTOCICLETAS Y SUS PARTES'),
(261, '505001', 'VENTA DE COMBUSTIBLES (CONOCIDAS COMO GASOLINERAS O BOMBAS)'),
(262, '505002', 'VENTA DE LUBRICANTES, ACEITES, GRASAS Y PRODUCTOS DE LIMPIEZA PARA AUTOMOTORES'),
(263, '505003', 'COMERCIO DE COMBUSTIBLE SIN PUNTO FIJO (PEDDLER)'),
(264, '511001', 'COMISIONISTAS, AGENTES DE VENTAS, ORGANIZADORES DE SUBASTAS,TIQUETERAS, ETC.'),
(265, '512102', 'VENTA AL POR MAYOR DE FLORES Y PLANTAS DE TODO TIPO'),
(266, '512201', 'VENTA AL POR MAYOR DE OTROS ALIMENTOS INCLUIDOS EN CANASTA BASICA'),
(267, '512202', 'VENTA AL POR MAYOR DE FRUTAS Y VERDURAS FRESCAS INCLUIDAS EN CANASTA BASICA'),
(268, '512204', 'COMERCIO AL POR MAYOR DE PRODUCTOS LACTEOS'),
(269, '512208', 'COMERCIO AL POR MAYOR DE PRODUCTOS DE CONFITERIA'),
(270, '512209', 'COMERCIO AL POR MAYOR DE PRODUCTOS DE TABACO'),
(271, '512210', 'COMERCIO AL POR MAYOR DE BEBIDAS CON CONTENIDO ALCOHOLICO (IMPORTADORES)'),
(272, '512211', 'COMERCIO AL POR MAYOR DE OTROS ALIMENTOS N.C.P. GRAVADOS CON IVA'),
(273, '512213', 'COMERCIO AL POR MAYOR DE BEBIDAS GASEOSAS Y CARBONATADAS'),
(274, '512214', 'VENTA AL POR MAYOR DE CAFE (EXCEPTO EL ENVASADO, ENLATADO, SOLUBLE, DESCAFEINADO'),
(275, '512217', 'COMERCIO AL POR MAYOR DE VINOS. BEBIDAS FERMENTADAS Y NO FERMENTADAS'),
(276, '512225', 'COMERCIO AL POR MAYOR DE BEBIDAS NO ALCOHOLICAS (JUGOS DEFRUTAS, VEGETALES) Y AG'),
(277, '512232', 'COMERCIO AL POR MAYOR DE PRODUCTOS SUSTITUTOS DEL AZUCAR'),
(278, '512233', 'VENTA AL POR MAYOR DE CARNES Y PRODUCTOS CARNICOS'),
(279, '512234', 'COMERCIO AL POR MAYOR DE CERVEZA IMPORTADA'),
(280, '512235', 'VENTA AL POR MAYOR DE FRUTAS Y VERDURAS FRESCAS NO INCLUIDAS EN CANASTA BASICA'),
(281, '513101', 'VENTA AL POR MAYOR DE  CALZADO, PRODUCTOS TEXTILES; PRENDAS DE VESTIR'),
(282, '513501', 'VENTA AL POR MAYOR DE PREPARADOS Y/O ARTICULOS PARA LA LIMPIEZA DE USO GENERAL'),
(283, '513602', 'VENTA AL POR MAYOR DE PRODUCTOS VETERINARIOS GRAVADOS CON IVA'),
(284, '513604', 'VENTA AL POR MAYOR EQUIPO MEDICO ACCESORIO MEDICAMENTO PRODUC FARMACEUTICO GRAVADOS IVA'),
(285, '513710', 'VENTA AL POR MAYOR DE LIBROS (EXCEPTO EN MEDIOS ELECTRONICOS)'),
(286, '513901', 'VENTA AL POR MENOR DE ARTICULOS DEPORTIVOS'),
(287, '513904', 'VENTA AL POR MAYOR DE SUMINISTROS Y ARTICULOS DE LIBRERIA'),
(288, '513906', 'VENTA AL POR MAYOR DE ARTICULOS, ARTEFACTOS, DISCOS Y MUEBLES PARA EL HOGAR'),
(289, '513907', 'VENTA AL POR MAYOR DE DISCOS COMPACTOS Y OTROS DISPOSITIVOSDE GRABACION'),
(290, '513910', 'VENTA AL POR MAYOR DE TODO TIPO DE ARTICULOS POR CATALOGO'),
(291, '514101', 'VENTA AL POR MAYOR DE COMBUSTIBLES SOLIDOS (LENA Y SIMILARES)'),
(292, '514103', 'VENTA AL POR MAYOR DE COMBUSTIBLES SOLIDOS (CARBON)'),
(293, '514201', 'VENTA AL POR MAYOR DE METALES Y MINERALES METALIFEROS'),
(294, '514304', 'VENTA AL POR MAYOR DE EQUIPO DE AIRE ACONDICIONADO Y CALENTADORES (ELECTRICOS)'),
(295, '514308', 'VENTA AL POR MAYOR DE  MATERIALES PARA LA CONTRUCCION, ARTICULOS DE FERRETERIA,'),
(296, '514701', 'VENTA AL POR MAYOR DE PRODUCTOS,SUSTANCIAS O REACTIVOS QUIMICOS Y SOLVENTES'),
(297, '514901', 'VENTA AL POR MAYOR  Y AL POR MENOR DE CHATARRA'),
(298, '514903', 'VENTA AL POR MAYOR DE PRODUCTOS PARA USO AGROPECUARIO Y VENTA DESECHOS ORGANICOS'),
(299, '515001', 'VENTA AL POR MAYOR DE MAQUINARIA Y EQUIPO INDUSTRIAL, DE CONSTRUCCION, INGENIERIA'),
(300, '515002', 'VENTA AL POR MAYOR DE REPUESTOS Y/O ACCESORIOS PARA MAQUINARIA Y EQUIPO AGROPECUARIO'),
(301, '515003', 'VENTA AL POR MAYOR DE MAQUINARIA Y EQUIPO AGROPECUARIO'),
(302, '515004', 'VENTA AL POR MAYOR DE EXTINTORES Y EQUIPO SIMILAR'),
(303, '515201', 'VENTA AL  POR MAYOR DE EQUIPO DE COMPUTO, SUS PARTES Y ACCESORIOS'),
(304, '515203', 'VENTA AL POR MAYOR DE EQUIPO Y SUMINISTROS DE OFICINA'),
(305, '519003', 'VENTA AL POR MAYOR DE EQUIPO, ARTICULOS Y ACCESORIOS DE BELLEZA, COSMETICOS E HIGIENE'),
(306, '519005', 'VENTA AL POR MAYOR DE EQUIPO PARA CAMPO DE JUEGOS (PLAY)'),
(307, '519006', 'DISTRIBUCION Y COMERCIALIZACION AL POR MAYOR DE MATERIAL DEEMPAQUE'),
(308, '519010', 'COMERCIALIZACION Y DISTRIBUCION AL POR MAYOR DE ALIMENTOS PREPARADOS PARA ANIMAL'),
(309, '519011', 'COMERCIO AL POR MAYOR DE EQUIPO Y ACCESORIOS PARA PESCA DEPORTIVA O ARTESANAL'),
(310, '519013', 'COMERCIALIZACION AL POR MAYOR DE SUPLEMENTOS ALIMENTICIOS'),
(311, '519014', 'VENTA AL POR MAYOR DE POLEN Y/O  SEMILLAS PARA USO AGRICOLA'),
(312, '519015', 'VENTA AL POR MAYOR DE OTROS PRODUCTOS NO ESPECIALIZADOS'),
(313, '519016', 'VENTA AL POR MAYOR DE ARTICULOS Y ACCESORIOS ELECTRONICOS'),
(314, '521101', 'VENTA AL POR MENOR EN SUPERMERCADOS, ALMACENES Y SIMILARES DE PRODUCTOS ALIMENTICIOS'),
(315, '521102', 'VENTA AL POR MENOR DE ESPECIAS, SALSAS Y CONDIMENTOS'),
(316, '521201', 'VENTA AL POR MENOR EN TIENDAS POR DEPARTAMENTOS'),
(317, '521202', 'PULPERIAS ( MINI-SUPER)(SIN CANTINA)'),
(318, '521901', 'VENTA AL POR MENOR EN TIENDAS POR DEPARTAMENTOS'),
(319, '522001', 'COMERCIO AL POR MENOR DE CONFITES Y OTROS PRODUCTOS RELACIONADOS (CONFITERIA)'),
(320, '522002', 'VENTA AL POR MENOR DE CARNE DE BOVINO, PORCINO Y AVES (ADEMAS EMBUTIDOS), INCLUIDOS EN CANASTA BASICA'),
(321, '522003', 'MACROBIOTICAS'),
(322, '522004', 'VENTA AL POR MENOR DE PRUTAS Y VERDURAS FRESCAS INCLUIDAS EN CANASTA BASICA'),
(323, '522005', 'VENTA AL POR MENOR DE PESCADOS INCLUIDOS EN CANASTA BASICA'),
(324, '522007', 'LICORERIAS Y/O DEPOSITO DE LICORES (VENTA AL POR MENOR)'),
(325, '522008', 'VENTA AL POR MENOR DE HUEVOS DE GALLINA INCLUIDOS EN LA CANASTA BASICA'),
(326, '522009', 'VENTA AL POR MENOR DE PRUTAS Y VERDURAS FRESCAS, NO INCLUIDAS EN CANASTA BASICA'),
(327, '522011', 'PREPARACION, SERVICIO Y VENTA DE FRUTAS PICADAS Y BEBIDAS DE FRUTAS Y/O LEGUMBRE'),
(328, '522012', 'COMERCIO AL POR MENOR DE BEBIDAS GASEOSAS Y CARBONATADAS'),
(329, '522013', 'COMERCIO AL POR MENOR DE AGUA EMBOTELLADA'),
(330, '522016', 'COMERCIO AL POR MENOR DE PRODUCTOS DE TABACO'),
(331, '522017', 'VENTA AL POR MENOR DE CARNE DE BOVINO, PORCINO Y AVES (ADEMAS EMBUTIDOS) NO INCLUIDOS EN CANASTA BASICA'),
(332, '522018', 'VENTA AL POR MENOR  DE PESCADOS Y MARISCOS , ASI COMO OTROS PRODUCTOS DE ORIGEN MARINO'),
(333, '522020', 'VENTA AL POR MENOR DE OTROS ALIMENTOS INCLUIDOS EN CANASTA BASICA'),
(334, '522021', 'VENTA AL POR MENOR DE OTROS ALIMENTOS NO INCLUIDOS EN CANASTA BASICA'),
(335, '523101', 'FARMACIAS'),
(336, '523102', 'VENTA AL POR MENOR DE COSMETICOS Y PERFUMERIA'),
(337, '523103', 'VENTA AL POR MENOR DE PROTESIS EN GENERAL'),
(338, '523201', 'BAZARES'),
(339, '523202', 'VENTA AL POR MENOR DE ROPA (BOUTIQUE)'),
(340, '523203', 'VENTA AL POR MENOR DE CALZADO (ZAPATAERIAS)'),
(341, '523204', 'PASAMANERIAS'),
(342, '523205', 'VENTA AL POR MENOR DE PRENDAS DE VESTIR, ROPA Y ZAPATOS (TIENDAS)'),
(343, '523206', 'SERVICIO DE FOTOCOPIADORA'),
(344, '523207', 'VENTA AL POR MENOR DE ARTICULOS DE CUERO (EXCEPTO CALZADO)'),
(345, '523208', 'VENTA AL POR MENOR DE PRODUCTOS TEXTILES (TELAS)'),
(346, '523209', 'VENTA AL POR MENOR DE MATERIALES PARA CALZADO'),
(347, '523301', 'COMERCIO AL POR MENOR DE OBJETOS DE CERAMICA  Y PORCELANA'),
(348, '523302', 'VENTA AL POR MENOR DE CRISTALERIA'),
(349, '523303', 'VENTA AL POR MENOR DE DISCOS, CDS Y OTROS SIMILARES'),
(350, '523304', 'VENTA AL POR MENOR DE ELECTRODOMESTICOS, MUEBLES Y ARTICULOS PARA EL HOGAR'),
(351, '523306', 'VENTA AL POR MENOR DE ANTIGUEDADES'),
(352, '523308', 'VENTA AL POR MENOR DE INSTRUMENTOS MUSICALES, PARTES Y ACCESORIOS'),
(353, '523309', 'VENTA DE CUADROS PINTURAS HECHAS POR PINTORES NACIONALES Y EXTRANJEROS PRODUCIDO'),
(354, '523401', 'VENTA AL POR MENOR DE DEPOSITO DE MADERA'),
(355, '523402', 'VENTA AL POR MENOR ARTICULOS DE FERRETERIA PINTURAS MADERA Y MATERIALES PARA LA CONSTRUCCION'),
(356, '523403', 'VENTA DE PINTURAS'),
(357, '523404', 'VENTA AL POR MENOR DE VIDRIO PARA LA CONSTRUCCION'),
(358, '523405', 'VENTA AL POR MENOR DE MATERIALES PARA LA CONSTRUCCION'),
(359, '523406', 'VENTA AL POR MENOR DE ARTICULOS ELECTRONICOS, ELECTRICOS Y SIMILARES'),
(360, '523407', 'VENTA AL POR MENOR DE PLYWOOD'),
(361, '523501', 'VENTA AL POR MENOR REALIZADA DENTRO DEL DEPOSITO LIBRE COMERCIAL DE GOLFITO.'),
(362, '523601', 'COMERCIO AL POR MENOR DE COMPUTADORAS, ACCESORIOS, MICROCOMPONENTES Y PAQUETES '),
(363, '523701', 'LIBRERIAS'),
(364, '523702', 'VENTA AL POR MENOR DE REVISTAS/PERIODICOS EN PUESTOS DE VENTAS O MERCADOS'),
(365, '523703', 'VENTA AL POR MENOR DE LIBROS (EXCEPTO EN MEDIOS ELECTRONICOS)'),
(366, '523801', 'VENTA AL POR MENOR DE ARMAS (ARMERIAS)'),
(367, '523803', 'VENTA AL POR MENOR DE MAQUINARIA Y EQUIPO DE TODO TIPO Y ARTICULOS CONEXOS'),
(368, '523805', 'VENTA AL POR MENOR DE PURIFICADORES DE AGUA, SUS PARTES Y REPUESTOS'),
(369, '523806', 'VENTA AL POR MENOR DE MAQUINARIA INDUSTRIAL USADA'),
(370, '523807', 'VENTA AL POR MENOR DE REPUESTOS NUEVOS PARA MAQUINARIA, EQUIPO Y OTROS'),
(371, '523808', 'VENTA AL POR MENOR DE REPUESTOS USADOS PARA MAQUINARIA, EQUIPO Y OTROS'),
(372, '523901', 'VENTA AL POR MENOR DE OTROS PRODUCTOS EN ALMACENES ESPECIALIZADOS'),
(373, '523902', 'VENTA AL POR MENOR DE SUMINISTROS Y/0 EQUIPO DE OFICINA'),
(374, '523903', 'VENTA AL POR MENOR DE FLORES'),
(375, '523904', 'SERVICIOS DE REPARACION DE JOYERIA Y RELOJERIA EN GENERAL'),
(376, '523905', 'VENTA AL POR MENOR DE JOYERIA, RELOJERIA Y BISUTERIA'),
(377, '523906', 'VENTA AL POR MENOR CELULARES ACCESORIOS EQUIPO Y ART PARA COMUNICACIONES '),
(378, '523907', 'FLORISTERIA'),
(379, '523908', 'COMERCIO AL POR MENOR DE ANIMALES DOMESTICOS PARA CONSUMO HUMANO'),
(380, '523909', 'VENTA DE PRODUCTOS DE ARTESANIA Y SOUVENIR'),
(381, '523910', 'VENTA AL POR MENOR DE JUGUETES Y/O ARTICULOS DE ESPARCIMIENTO'),
(382, '523911', 'VENTA AL POR MENOR DE OTROS PRODUCTOS NUEVOS EN COMERCIOS ESPECIALIZADOS NO INCLUIDOS EN CANASTA BASICA'),
(383, '523912', 'VENTA AL POR MENOR Y MAYOR DE PRODUCTOS E INSUMOS AGROPECUARIOS'),
(384, '523913', 'VENTA AL POR MENOR DE ANIMALES DOMESTICOS PARA MASCOTAS.'),
(385, '523915', 'DISTRIBUCION Y VENTA DE GAS EN CILINDRO'),
(386, '523916', 'COMERCIO AL POR MENOR DE ALIMENTOS Y PRODUCTOS N.C.P. EXENTOS DE IVA'),
(387, '523917', 'VENTA AL POR MENOR DE BICICLETAS Y SUS ACCESORIOS'),
(388, '523918', 'VENTA AL POR MENOR DE EQUIPO DE AUDIO Y VIDEO'),
(389, '523919', 'VENTA AL POR MENOR DE ARTICULOS Y ACCESORIOS ORTOPEDICOS'),
(390, '523920', 'VENTA AL POR MENOR DE ANTEOJOS Y ARTICULOS OPTICOS (OPTICA)'),
(391, '523921', 'VENTA AL POR MENOR DE CAJAS REGISTRADORAS, CALCULADORAS O MAQUINAS DE CONTABILIDAD'),
(392, '523922', 'VENTA AL POR MENOR DE POLEN Y SEMILLAS'),
(393, '523923', 'VENTA AL POR MENOR DE REPUESTOS PARA ELECTRODOMESTICOS'),
(394, '523925', 'VENTA AL POR MENOR DE EXTINTORES'),
(395, '523926', 'MANTENIMIENTO DE EXTINTORES'),
(396, '523927', 'REPARACION EQUIPO DE AUDIO Y VIDEO'),
(397, '523929', 'VENTA DE PERROS ENTRENADOS PARA SEGURIDAD'),
(398, '523930', 'VENTA AL POR MENOR DE PIEZAS DE BAMBU'),
(399, '523935', 'VENTA AL POR MENOR DE OTROS PRODUCTOS NUEVOS EN COMERCIOS ESPECIALIZADOS NO INCLUIDOS EN CANASTA BASICA'),
(400, '524001', 'VENTA DE TODO TIPO DE ARTICULOS USADOS'),
(401, '524002', 'CASA DE EMPENO Y AFIN'),
(402, '524004', 'VENTA DE LIBROS USADOS'),
(403, '524005', 'VENTA DE MONEDAS, BILLETES,ESTAMPILLAS (NUEVAS Y USADAS) PARA COLECCION '),
(404, '525101', 'VENTA AL POR MENOR DE TODO TIPO DE ARTICULOS POR CATALOGO'),
(405, '525201', 'VENTA DE REVISTAS/PERIODICOS (PUESTOS CALLEJEROS)'),
(406, '525301', 'VENTA AL POR MENOR DE LOTERIA Y SIMILARES'),
(407, '525303', 'EMISION DE LA LOTERIA NACIONAL Y SIMILARES'),
(408, '525901', 'VENTA DE ALFOMBRAS Y TAPICES'),
(409, '525902', 'VENTA AMBULANTE DE ARTICULOS PARA EL HOGAR'),
(410, '525903', 'VENTA DE LIBROS A DOMICILIO'),
(411, '525904', 'TRABAJOS DE  MANUALIDADES'),
(412, '525905', 'VENTA AL POR MENOR DE TARJETAS TELEFONICAS, PINES, TIEMPO AIRE Y SIMILARES'),
(413, '526001', 'SERVICIOS DE REPARACION DE ZAPATOS'),
(414, '526002', 'REPARACION DE MUEBLES Y ACCESORIOS DOMESTICOS'),
(415, '526003', 'REPARACION DE BICICLETAS'),
(416, '526005', 'ELECTRICISTA, SERVICIOS'),
(417, '526006', 'REPARACION DE ARTICULOS ELECTRICOS'),
(418, '526008', 'REPARACION Y MANTENIMIENTO DE PERSIANAS Y CORTINAS'),
(419, '526010', 'INSTALACION Y MANTENIMIENTO DE PERSIANAS Y CORTINAS'),
(420, '526011', 'REPARACION Y MANTENIMIENTO DE EQUIPO PARA TELECOMUNICACIONES'),
(421, '526012', 'INSTALACION Y MANTENIMIENTO DE PISCINAS,JACUZZIS Y SIMILARES'),
(422, '551002', 'HOTEL'),
(423, '551004', 'MOTEL Y/O SERVICIO DE HABITACION OCASIONAL, ALBERGUES, POSADAS Y SIMILARES'),
(424, '551005', 'SERVICIO DE SALAS VIP Y PREMIUN EN AEROPUERTOS'),
(425, '552001', 'BARES, CANTINAS O TABERNAS'),
(426, '552002', 'CAFETERIAS'),
(427, '552003', 'SERVICIOS DE CATERING SERVICE'),
(428, '552004', 'SERVICIO DE RESTAURANTE, CAFETERIAS, SODAS Y OTROS EXPENDIOS DE COMIDA'),
(429, '552005', 'SODAS'),
(430, '552007', 'OTROS EXPENDIOS DE COMIDAS'),
(431, '601001', 'SERVICIO DE TRANSPORTE POR VIA FERREA'),
(432, '602001', 'SERVICIO DE TRANSPORTE DE CARGA POR VIA TERRESTRE'),
(433, '602002', 'TRANSPORTE DE  PRODUCTOS DERIVADOS DEL PETROLEO'),
(434, '602101', 'TRANSPORTE REGULAR DE ESTUDIANTES Y EMPLEADOS POR VIA TERRESTRE'),
(435, '602102', 'TRANSPORTE REGULAR DE PASAJEROS POR VIA TERRESTRE'),
(436, '602201', 'TRANSPORTE NO REGULAR DE PASAJEROS POR VIA TERRESTRE (EXCURSIONES)'),
(437, '602202', 'SERVICIO DE TAXI'),
(438, '602203', 'SERVICIO ESPECIAL ESTABLE DE TAXI (SEETAXI)'),
(439, '602301', 'SERVICIO DE ACARREO Y DISTRIBUCION DE TODO TIPO DE MERCANCIA (INCLUYE LA MUDANZA'),
(440, '602302', 'SERVICIOS DE GRUA'),
(441, '602304', 'SERVICIO DE MUDANZA INTERNACIONAL'),
(442, '603001', 'SERVICIO DE TRANSPORTE POR TUBERIAS'),
(443, '611001', 'TRANSPORTE DE CARGA POR  VIA ACUATICA'),
(444, '611002', 'TRANSPORTE DE CABOTAJE DE PASAJEROS POR  VIA ACUATICA'),
(445, '621001', 'SERVICIO DE TRANSPORTE DE CARGA POR VIA AEREA'),
(446, '621002', 'SERVICIO DE TRANSPORTE AEREO REGULADO DE PASAJEROS (LINEAS AEREAS)'),
(447, '621003', 'SERVICIO DE PILOTAJE'),
(448, '622001', 'SERVICIO DE TRANSPORTE AEREO NO REGULAR DE PASAJEROS'),
(449, '630001', 'PRESTACION DE SERVICIOS DE TRANSITO AEREO'),
(450, '630101', 'SERVICIO DE CONSOLIDACION DE CARGA Y DESCARGA'),
(451, '630201', 'SERVICIOS DE ALMACENAJE'),
(452, '630301', 'PARQUEOS/ESTACIONAMIENTO DE VEHICULOS'),
(453, '630302', 'FUNCIONAMIENTO DE INSTALACIONES TERMINALES COMO PUERTOS, MUELLES Y AEROPUERTOS'),
(454, '630303', 'PERMISO DE PASO POR PROPIEDADES PRIVADAS (PEAJE)'),
(455, '630401', 'ACTIVIDADES DE AGENCIAS DE VIAJES '),
(456, '630403', 'ACTIVIDADES DE OPERADORES TURISTICOS (GUIA  DE TURISMO)'),
(457, '630405', 'EXPLOTACION DE ACTIVIDADES TURISTICAS(CUYA PRESTACION NO SEA REALIZADA POR UN CE'),
(458, '630901', 'ALMACENES FISCALES (DEPOSITOS ADUANEROS) Y ESTACIONAMIENTOSTRANSITORIOS'),
(459, '630903', 'AGENCIA DE TRANSPORTE (NAVIERA)'),
(460, '630904', 'AGENTE ADUANERO INDEPENDIENTE Y AGENCIA DE ADUANAS'),
(461, '641101', 'ACTIVIDADES POSTALES Y DE CORREO'),
(462, '642001', 'SERVICIOS DE RADIO-MENSAJES, RADIOLOCALIZADORES Y SIMILARES'),
(463, '642002', 'SERVICIO DE TELEVISION POR CABLE, SATELITE U OTROS SISTEMA S SIMILARES'),
(464, '642003', 'MANTENIMIENTO DE REDES DE TELECOMUNICACION'),
(465, '642004', 'SERVICIO DE RADIO FRECUENCIA'),
(466, '642005', 'SERVICIOS TELEFONICOS, TELEGRAFICOS Y POR TELEX'),
(467, '642007', 'VENTA DE ESPACIO EN EL CABLE SUBMARINO'),
(468, '642008', 'SERVICIO DE TRANSMISION  DE  DATOS, TEXTO, SONIDO, VOZ  Y VIDEO POR MEDIO DE LA'),
(469, '642009', 'SERVICIOS DIGITALES O DE TELECOMUNICACIONES E INTANGIBLES PRESTADOS DESDE EL EXTERIOR'),
(470, '651101', 'BANCA CENTRAL'),
(471, '651901', 'COOPERATIVAS DE AHORRO Y CREDITO'),
(472, '651903', 'BANCOS ESTATALES (EXCEPTO EL BANCO CENTRAL)'),
(473, '651904', 'ENTIDADES FINANCIERAS PRIVADAS (BANCOS)'),
(474, '651905', 'SERVICIO DE ENVIO Y RECIBO DE DINERO'),
(475, '651906', 'INSTITUCIONES DE AHORRO Y CREDITO PARA VIVIENDA'),
(476, '659101', 'ARRENDAMIENTO OPERATIVO EN FUNCION FINANCIERA CON OPCION DECOMPRA O RENOVACION ('),
(477, '659201', 'ENTIDADES FINANCIERAS DISTINTAS AL SISTEMA BANCARIO NACIONAL'),
(478, '659202', 'EMISORAS Y PROCESADORAS DE TARJETAS DE CREDITO'),
(479, '659901', 'SERVICIO DE PRESTAMO (PRESTAMISTAS)'),
(480, '659902', 'FIDEICOMISOS Y/O ADMINISTRADORES DE FONDOS DE INVERSION'),
(481, '659903', 'SOCIEDADES DE INVERSION MOBILIARIA'),
(482, '659904', 'SERVICIO RECUPERACION DE DEUDAS (FACTORE0)'),
(483, '659905', 'FONDOS DE INVERSION'),
(484, '659906', 'ACTIVIDADES DE SOCIEDADES DE CARTERA (HOLDING)'),
(485, '659907', 'INGRESOS POR INTERESES DIFERENTES AL COMERCIO DEL PRESTAMO'),
(486, '659908', 'FONDOS DE LA LEY DEL SISTEMA DE BANCA PARA EL DESARROLLO'),
(487, '659909', 'FIDEICOMISOS DE LA LEY DEL SISTEMA DE BANCA PARA EL DESARROLLO'),
(488, '660101', 'SEGUROS DE VIDA'),
(489, '660201', 'OPERADORAS DE PENSIONES'),
(490, '660202', 'FONDOS DE OPERADORAS DE PENSIONES EXENTOS DEL 8%'),
(491, '660301', 'AGENTES DE SEGUROS'),
(492, '660302', 'COMERCIALIZADORES DE SEGUROS'),
(493, '660303', 'SEGUROS GENERALES'),
(494, '671101', 'ADMINISTRACION DE MERCADOS FINANCIEROS'),
(495, '671201', 'CORREDORES DE BOLSA'),
(496, '671202', 'PUESTOS DE BOLSA'),
(497, '671901', 'PUESTOS Y/O CASAS DE CAMBIO DE MONEDA EXTRANJERA'),
(498, '671902', 'ASESORES FINANCIEROS Y ACTIVIDADES AUXILIARES DE LA INTERMEDICIACION FINANCIERA'),
(499, '672001', 'ACTIVIDADES AUXILIARES DE LA FINANCIACION DE PLANES DE SEGUROS Y DE PENSIONES'),
(500, '701001', 'ACTIVIDADES INMOBILIARIAS (ALQUILER DE VIVIENDA SUPERIOR A 1.5 SALARIO BASE)'),
(501, '701002', 'ALQUILER DE LOCALES COMERCIALES Y CENTROS COMERCIALES'),
(502, '701003', 'COMPRA Y VENTA DE PROPIEDADES (INVERSIONISTAS)'),
(503, '701004', 'ALQUILER DE EDIFICIOS Y PROPIEDADES DIFERENTES A CASAS DE HABITACION'),
(504, '701005', 'ALQUILER DE MARCAS REGISTRADAS'),
(505, '701006', 'ALQUILER DE PATENTES (DE LICORES, UNICAMENTE)'),
(506, '701007', 'EXPLOTACION DE FRANQUICIAS'),
(507, '701008', 'ACTIVIDADES INMOBILIARIAS (ALQUILER DE VIVIENDA INFERIOR A 1.5 SALARIO BASE)'),
(508, '702001', 'AGENTES O CORREDORES DE BIENES RAICES'),
(509, '702003', 'ADMINISTRACION, MANTENIMIENTO, REPARACION Y LIMPIEZA DE LOS SERVICIOS Y BIENES COMUNES DE LA PROPIEDAD EN CONDOMINIO'),
(510, '711101', 'ALQUILER DE AUTOMOVILES  DE TODO TIPO'),
(511, '711102', 'ALQUILER DE MOTOCICLETA/SERVICIO'),
(512, '711103', 'ALQUILER DE EQUIPO DE TRANSPORTE POR VIA TERRESTRE, ACUATICA O AEREA'),
(513, '711105', 'ALQUILER DE CARRITOS DE GOLF Y OTROS'),
(514, '712101', 'ALQUILER DE MAQUINARIA Y EQUIPO PARA USO AGRICOLA'),
(515, '712201', 'ALQUILER DE MAQUINARIA Y EQUIPO DE CONSTRUCCION E INGENIERIA CIVIL'),
(516, '712301', 'SERVICIOS DE INTERNET EN LOCALES PUBLICOS ( CAFE INTERNET )'),
(517, '712302', 'ALQUILER DE MAQUINARIA Y EQUIPO DE OFICINA'),
(518, '712901', 'ALQUILER DE MAQUINAS EXPENDEDORAS DE ALIMENTOS Y OTROS'),
(519, '712902', 'ALQUILER DE MAQUINAS DE ENTRETENIMIENTO (CON MONEDAS)'),
(520, '712904', 'ALQUILER DE PELICULAS CINEMATOGRAFICAS (VIDEO CLUB) Y/O VIDEO JUEGOS'),
(521, '712905', 'ALQUILER DE EQUIPO PARA RADIO, TELEVISION Y COMUNICACIONES'),
(522, '712906', 'ALQUILER DE EQUIPO PARA DISPENSAR BILLETES (CAJERO AUTOMA-TICO)'),
(523, '712907', 'ALQUILER MAQUINARIA Y EQUIPO PARA LA ELABORACION Y/O MANTENIMIENTO DE PRODUCTOS'),
(524, '712909', 'ALQUILER DE OTROS TIPOS DE MAQUINARIA Y EQUIPO PARA USO COMERCIAL'),
(525, '712910', 'ALQUILER DE MAQUINARIA Y/O EQUIPO PARA USO INDUSTRIAL'),
(526, '712911', 'ALQUILER DE RAMPAS Y SIMILARES'),
(527, '713001', 'ALQUILER DE MENAJE'),
(528, '713002', 'ALQUILER DE EQUIPO RECREATIVO Y DEPORTIVO'),
(529, '713003', 'ALQUILER DE EQUIPO MEDICO Y ARTICULOS CONEXOS'),
(530, '713012', 'ALQUILER DE TRAJES DE TODO TIPO'),
(531, '713013', 'ALQUILER DE EQUIPO Y UTENSILIOS PARA EVENTOS ESPECIALES'),
(532, '713053', 'ALQUILER DE ANIMALES (CABALLOS, SERPIENTES, ETC)'),
(533, '721001', 'CONSULTORES INFORMATICOS'),
(534, '722003', 'DISENADOR GRAFICO, DE SOFWARE Y PAGINAS WEB'),
(535, '723001', 'PROCESAMIENTO DE DATOS'),
(536, '724001', 'ACTIVIDADES RELACIONADAS CON BASES DE DATOS'),
(537, '725001', 'REPARACION DE EQUIPO DE COMPUTO'),
(538, '725002', 'MANTENIMIENTO DE EQUIPO DE COMPUTO'),
(539, '725003', 'REPARACION CAJAS REGISTRADORAS, CALCULADORAS, MAQUINAS DE CONTABILIDAD Y EQUIPO'),
(540, '725004', 'MANTENIMIENTO DE CAJAS REGISTRADORAS, CALCULADORAS, MAQUINAS DE CONTABILIDAD'),
(541, '729001', 'OTRAS ACTIVIDADES DE INFORMATICA'),
(542, '731001', 'INVESTIGACION Y DESARROLLO EXPERIMENTAL EN EL CAMPO DE LAS CIENCIAS NATURALES '),
(543, '731003', 'METEOROLOGO POR CUENTA PROPIA'),
(544, '732001', 'INVESTIGACIONES Y DESARROLLO EXPERIMENTAL EN EL CAMPO DE LAS CIENCIAS SOCIALES '),
(545, '741101', 'BUFFETE DE ABOGADO, NOTARIO, ASESOR LEGAL'),
(546, '741203', 'ACTVIDAD DE CONTABILIDAD (CONTADORES), TENEDURIA DE LIBROS,AUDITORIA Y ASESOR FINANCIERO'),
(547, '741301', 'ASESORES EN MERCADEO Y VENTAS'),
(548, '074130', '2 ENCUESTAS DE OPINION PUBLICA'),
(549, '741401', 'ECONOMISTAS'),
(550, '741402', 'ASESORAMIENTO EMPRESARIAL Y EN MATERIA DE GESTION (HANDLING)'),
(551, '741407', 'ASESOR ADUANERO'),
(552, '741408', 'CORRESPONSAL DE RADIO, TELEVISION Y PRENSA ESCRITA'),
(553, '742102', 'ACTIVIDADES DE ARQUITECTURA E INGENIERIA'),
(554, '742105', 'SERVICIOS DE CONSULTORIA EN MANTENIMIENTO INDUSTRIAL Y MECANICO'),
(555, '742107', 'QUIMICOS'),
(556, '742108', 'ACTIVIDADES DE GEOGRAFIA Y/O GEOLOGIA'),
(557, '742110', 'BIOLOGO POR CUENTA PROPIA'),
(558, '074211', '2 DIBUJANTE ARQUITECTONICO Y/O PLANOS DE CONSTRUCCION'),
(559, '742201', 'ENSAYOS Y ANALISIS TECNICOS'),
(560, '742202', 'PROFESIONALES EN TECNOLOGIA DE ALIMENTOS'),
(561, '743001', 'PUBLICIDAD'),
(562, '743004', 'SERVICIOS DE PUBLICIDAD'),
(563, '743005', 'ALQUILER DE ESPACIOS PUBLICITARIOS'),
(564, '743006', 'PUBLICIDAD A TRAVES DE MEDIOS ELECTRONICOS'),
(565, '749101', 'SERVICIOS DE ADMINISTRACION DE PERSONAL'),
(566, '749102', 'SERVICIOS DE BIBLIOTECOLOGIA'),
(567, '749201', 'SERVICIOS DE INVESTIGACION, SEGURIDAD PRIVADA, AGENCIAS Y CONSULTORES'),
(568, '749204', 'INSTRUCTOR DE TIRO (MANEJO DE ARMAS).'),
(569, '749301', 'SERVICIOS DE FUMIGACION (NO AGRICOLA)'),
(570, '749302', 'SERVICIOS DE LIMPIEZA (INTERIORES Y EXTERIORES)'),
(571, '749401', 'ESTUDIOS FOTOGRAFICOS'),
(572, '749402', 'SERVICIO DE FOTOGRAFIA (FOTOGRAFO)'),
(573, '749501', 'SERVICIOS DE ENVASE Y EMPAQUE'),
(574, '749901', 'SERVICIO DE FOTOCOPIADO Y OTROS'),
(575, '749902', 'SERVICIOS DE LEVANTADO DE TEXTO Y/O CORRECCION DE TEXTOS Y OTROS'),
(576, '749903', 'SERVICIOS SECRETARIALES Y/O OFICINISTA'),
(577, '749904', 'SERVICIO DE DISENO O DECORACION DE INTERIORES (POR CUENTA PROPIA).'),
(578, '749905', 'SERVICIO DE CONTESTACION DE TELEFONOS (CALL CENTER)'),
(579, '749906', 'SERVICIOS DE TRADUCTOR'),
(580, '749907', 'SERVICIO DE INSPECCION DE TODO TIPO DE MERCADERIAS Y ACTIVOS(INCLUYE DROGAS)'),
(581, '749908', 'SERVICIO DE RECOLECCION DE MONEDAS DE LOS TELEFONOS PUBLICOS'),
(582, '749911', 'AGENCIAS FOTOGRAFICAS POR CATALOGO'),
(583, '749914', 'SERVCICIO DE COBRANZA DE RECIBOS PUBLICOS Y OTROS'),
(584, '749917', 'MODELAJE PROFESIONAL (MODELO)'),
(585, '749918', 'AGENCIAS DE COBRO Y CALIFICACION CREDITICIA'),
(586, '751101', 'ACTIVIDADES DE LA ADMINISTRACION PUBLICA EN GENERAL'),
(587, '751102', 'ACTIVIDADES DE LA ADMINISTRACION PUBLICA EN GENERAL, NO SUJETAS AL IMPUESTO SOBR'),
(588, '751103', 'MUNICIPALIDADES Y CONCEJOS DE DISTRITO'),
(589, '751106', 'ACTIVIDADES DE LA ADMINISTRACION PUBLICA EN GENERAL GRAVADAS CON IVA'),
(590, '751201', 'JUNTAS DE EDUCACION, COMEDORES ESCOLARES, PATRONATOS, COOPERATIVAS ESCOLARES, CO'),
(591, '751202', 'COMITES CANTONALES DE DEPORTES Y RECREACION'),
(592, '751301', 'ACTIVIDADES DEL SECTOR PUBLICO RELACIONADAS CON LA INFRAESTRUCTURA'),
(593, '751302', 'FONDOS PUBLICOS (ACTIVIDADES DEL SECTOR PUBLICO)'),
(594, '751401', 'ACTIVIDADES DE SERVICIOS AUXILIARES PARA LA ADMINISTRACION PUBLICA EN GENERAL'),
(595, '752101', 'RELACIONES EXTERIORES'),
(596, '752201', 'ACTIVIDADES DE DEFENSA'),
(597, '752301', 'ACTIVIDADES DE MANTENIMIENTO DEL ORDEN PUBLICO Y DE SEGURIDAD'),
(598, '752302', 'SERVICIOS DE VIGILANCIA O CONTROL PORTUARIA, COSTERA, AEREA,Y FRONTERIZA'),
(599, '753001', 'ACTIVIDADES DE PLANES DE SEGURIDAD SOCIAL DE AFILIACION OBLIGATORIA'),
(600, '801001', 'ENSENANZA PREESCOLAR Y PRIMARIA PRIVADA'),
(601, '801002', 'ENSENANZA PREESCOLAR Y PRIMARIA PRIVADA NO AUTORIZADOS POR EL MEP'),
(602, '802101', 'ENSENANZA SECUNDARIA PRIVADA'),
(603, '802102', 'ENSENANZA SECUNDARIA PRIVADA NO AUTORIZADA POR EL MEP'),
(604, '802201', 'ENSENANZA DE FORMACION TECNICA Y PARAUNIVERSITARIA'),
(605, '802202', 'ENSENANZA SECUNDARIA DE FORMACION TECNICA Y PROFESIONAL NO AUTORIZADA POR EL MEP'),
(606, '803002', 'ENSENANZA SUPERIOR PRIVADA (UNIVERSIDADES)'),
(607, '803003', 'ENSENANZA SUPERIOR PUBLICA (UNIVERSIDADES)'),
(608, '809001', 'ESCUELAS COMERCIALES (NO ESTATALES)'),
(609, '809004', 'PROFESOR POR CUENTA PROPIA'),
(610, '809005', 'ENSENANZA CULTURAL'),
(611, '809006', 'ENSENANZA DE LA DE SEGURIDAD PRIVADA'),
(612, '809007', 'ESCUELA Y AGENCIA DE MODELOS'),
(613, '851101', 'ACTIVIDADES DE HOSPITALES '),
(614, '851201', 'GINECOLOGO'),
(615, '851202', 'SERVICOS DE MEDICO GENERAL'),
(616, '851203', 'NEUROLOGOS'),
(617, '851204', 'SERVICIOS DE OFTALMOLOGO U OCULISTA, OPTOMETRISTA Y/O OPTICO'),
(618, '851206', 'ORTOPEDISTA (CONSULTA PRIVADA)'),
(619, '851207', 'SERVICIOS DE ODONTOLOGO Y CONEXOS'),
(620, '851208', 'OTORRINOLARINGOLOGIA, AUDIOLOGIA Y SERVICIOS CONEXOS.'),
(621, '851209', 'FARMACEUTICO O BOTICARIO'),
(622, '851210', 'CARDIOLOGOS'),
(623, '851212', 'ONCOLOGOS'),
(624, '851213', 'REUMATOLOGO'),
(625, '851901', 'MEDICINA ALTERNATIVA'),
(626, '851902', 'FISICO TERAPISTA'),
(627, '851905', 'PSICOLOGO'),
(628, '851906', 'PSIQUIATRIA'),
(629, '851907', 'SERVICIOS DE ENFERMERIA'),
(630, '851908', 'LABORATORIOS MEDICOS - CLINICOS'),
(631, '851909', 'SERVICIOS DE RADIOLOGIA, ANESTESIOLOGIA Y OTROS'),
(632, '851910', 'TRANSPORTE EN AMBULANCIA TERRESTRE Y AEREO (SERVICIO PRIVADO)'),
(633, '851911', 'PROFESIONALES EN SALUD OCUPACIONAL'),
(634, '851912', 'NUTRICIONISTA'),
(635, '851913', 'PROFESIONALES EN EDUCACION ESPECIAL'),
(636, '851914', 'SERVICIOS DE PARAMEDICOS'),
(637, '851915', 'SERVICIOS DE ESTERILIZACION DE PRODUCTOS MEDICOS Y FARMACEUTICOS'),
(638, '851916', 'OTRAS ACTIVIDADES RELACIONADAS CON LA SALUD HUMANA(BANCO DE SANGRE'),
(639, '851917', 'CIRUJANO PLASTICO'),
(640, '853101', 'FUNDACIONES DE BIEN SOCIAL'),
(641, '853102', 'FUNDACIONES DE SERVICIO SOCIAL (PRIVADAS)'),
(642, '853103', 'RESIDENCIAS UNIVERSITARIAS CON SERVICIOS INTEGRADOS'),
(643, '853201', 'GUARDERIAS/CENTROS INFANTILES Y SERVICIOS SOCIALES'),
(644, '853202', 'SERVICIOS SOCIALES DE REDES DE CUIDO  Y CENTROS DE ATENCION DE ADULTOS MAYORES'),
(645, '853301', 'ASOCIACIONES DECLARADAS DE UTILIDAD PUBLICA POR EL PODER EJECUTIVO'),
(646, '900001', 'ASESORAMIENTO Y ELIMINACION DE DESPERDICIOS, SANEAMIENTO (EXCEPTO LIMPIEZA DE TANQUES)'),
(647, '900002', 'LIMPIEZA DE TANQUES SEPTICOS Y AGUAS REDISUALES'),
(648, '911101', 'ACTIVIDADES DE ORGANIZACIONES EMPRESARIALES Y DE EMPLEADORES'),
(649, '911102', 'CAMARAS DE COMERCIO'),
(650, '911201', 'ACTIVIDADES DE ORGANIZACIONES PROFESIONALES'),
(651, '912001', 'ASOCIACIONES SOLIDARISTAS'),
(652, '912002', 'ACTIVIDADES DE SINDICATOS'),
(653, '919101', 'ACTIVIDADES DE ORGANIZACIONES RELIGIOSAS'),
(654, '919201', 'ACTIVIDADES DE ORGANIZACIONES POLITICAS'),
(655, '919901', 'ASOCIACION DE DESARROLLO COMUNAL Y/O SERVICIOS COMUNITARIOS'),
(656, '919903', 'ASOCIACIONES O ENTIDADES CON FINES CULTURALES, SOCIALES, RECREATIVOS, ARTESANALE'),
(657, '919906', 'ASOCIACIONES ADMINISTRADORAS DE LOS SISTEMAS DE ACUEDUCTOS Y ALCANTARILLADOS (ASADAS)'),
(658, '921101', 'ACTIVIDADES PRODUCCION POSTPRODUCCION Y DISTRIBUCION DE PELICULAS CINEMATOGRAFIC'),
(659, '921201', 'EXHIBICION DE FILMES Y VIDEOCINTAS  (SALAS DE CINE)'),
(660, '921301', 'TRANSMISIONES DE RADIO'),
(661, '921302', 'PROGRAMACION Y TRANSMISIONES DE TELEVISION'),
(662, '921303', 'TRANSMISIONES DE RADIO CULTURALES SEGUN LEY GENERAL DE TELECOMUNICACIONES'),
(663, '921401', 'TEATROS (EXPLOTACION)'),
(664, '921402', 'ACTIVIDADES MUSICALES Y ARTISTICAS (SERVICIOS)'),
(665, '921403', 'PERIODISTA POR CUENTA PROPIA'),
(666, '921501', 'CANALES DE TELEVISION'),
(667, '921902', 'VENTA AL POR MENOR DE DISCOS, GRABACIONES DE MUSICA Y DE VIDEO'),
(668, '921903', 'SALON DE BAILE Y DISCOTECA'),
(669, '921904', 'SALON DE PATINES'),
(670, '922001', 'ACTIVIDADES DE AGENCIAS DE NOTICIAS'),
(671, '923101', 'ACTIVIDADES DE BIBLIOTECAS Y ARCHIVOS'),
(672, '923201', 'GALERIAS DE ARTE'),
(673, '923202', 'SERVICIOS DE RESTAURACION DE OBRAS DE ARTE'),
(674, '923301', 'ACTIVIDADES DE JARDINES BOTANICOS, ZOOLOGICOS, PARQUES NACIONALES Y RESERVAS NACIONALES'),
(675, '924101', 'GIMNASIOS'),
(676, '924102', 'EXPLOTACION DE PISCINAS O ALBERCAS DE BANO'),
(677, '924103', 'ENTRENADOR, INSTRUCTORES Y/O PREPARADORES FISICOS POR CUENTA PROPIA'),
(678, '924104', 'ACTIVIDADES DE ESCUELAS Y CLUBES DEPORTIVOS'),
(679, '924105', 'EXPLOTACION DE INSTALACIONES Y CAMPOS DEPORTIVOS'),
(680, '924106', 'ACTIVIDADES DEPORTIVAS Y OTRAS POR CUENTA PROPIA'),
(681, '924107', 'ESPECTACULOS DEPORTIVOS'),
(682, '924901', 'NIGHT CLUB/CABARETTE'),
(683, '924902', 'EXPLOTACION DE CASINOS (INCLUYE MESAS DE JUEGOS Y MAQUINAS TRAGAMONEDAS)'),
(684, '924903', 'PESCA DEPORTIVA'),
(685, '924904', 'ACTIVIDADES DE JUEGOS DE BILLAR, POOL Y OTROS SIMILARES'),
(686, '924905', 'SALA DE VIDEO JUEGOS'),
(687, '924906', 'GRABACION DE SONIDO (MUSICA, ETC.) EN DISCOS GRAMOFONICOS YEN CINTA MAGNETOFONIC'),
(688, '924907', 'SERVICIO DE ENLACE DE LLAMADAS Y CASAS DE APUESTAS ELECTRONICAS (SPORTBOOKS)'),
(689, '924908', 'ESPECTACULOS PUBLICOS EN GENERAL EXCEPTO LOS DEPORTIVOS Y EL TEATRO'),
(690, '924909', 'OTRAS ACTIVIDADES DE ESPARCIMIENTO'),
(691, '924910', 'EXPLOTACION DE JUEGOS DE AZAR NO ELECTRONICOS (INCLUYE MAQUINAS TRAGAMONEDAS'),
(692, '930101', 'SERVICIOS DE LAVANDERIA DE TODO TIPO'),
(693, '930102', 'SERVICIO DE TENIDO DE PRENDAS DE VESTIR'),
(694, '930103', 'SERVICIO DE LIMPIEZA Y LAVADO DE MUEBLES'),
(695, '930202', 'SALONES DE BELLEZA, PELUQUERIA Y BARBERIA'),
(696, '093030', '1 SERVICIOS FUNEBRES Y ACTIVIDADES CONEXAS'),
(697, '930302', 'CEMENTERIO PUBLICO (JUNTA ADMINISTRATIVA)'),
(698, '930303', 'CEMENTERIO O CAMPOSANTO PRIVADO'),
(699, '930901', 'SALAS DE MASAJES'),
(700, '930903', 'OTRAS ACTIVIDADES DE SERVICIOS PERSONALES N.C.P.'),
(701, '930904', 'CENTRO O SALA DE BRONCEADO'),
(702, '930905', 'PELUQUERIA Y SALA DE ESTETICA PARA ANIMALES'),
(703, '930906', 'SERVICIO DE TATUAJE Y PIERCING'),
(704, '930907', 'SERVICIO DE DISCO MOVIL'),
(705, '930908', 'SERVICIO DE HERRADURA'),
(706, '930915', 'ALBERGUE Y CUIDO DE ANIMALES A DOMICILIO'),
(707, '950001', 'HOGARES PRIVADOS CON SERVICIO DOMESTICO'),
(708, '960104', 'IMPUESTO A LAS PERSONAS JURIDICAS'),
(709, '960105', 'ACTIVIDADES PREOPERATIVAS O DE ORGANIZACION'),
(710, '960106', 'EXPORTADORES DE MERCANCIAS EXENTAS DEL IMPUESTO DE VENTAS'),
(711, '960107', 'PRODUCTORES DE MERCANCIAS EXENTAS DEL IMPUESTO DE VENTAS'),
(712, '960108', 'COMERCIALIZADORES DE MERCANCIAS EXENTAS DEL IMPUESTO DE VENTAS'),
(713, '960109', 'DISTRIBUIDORES DE MERCANCIAS EXENTAS DEL IMPUESTO DE VENTAS'),
(714, '990001', 'ACTVIDADES DE ORGANIZACIONES Y ORGANOS EXTRATERRITORIALES, INCLUYE LAS EMBAJADAS');

-- --------------------------------------------------------

--
-- Table structure for table `autoridadsentenciadora`
--

CREATE TABLE `autoridadsentenciadora` (
  `AutoridadSentenciadora_Cod` int(11) NOT NULL,
  `AutoridadSentenciadora_Desc` varchar(255) DEFAULT NULL
) ENGINE=InnoDB DEFAULT CHARSET=latin1;

--
-- Dumping data for table `autoridadsentenciadora`
--

INSERT INTO `autoridadsentenciadora` (`AutoridadSentenciadora_Cod`, `AutoridadSentenciadora_Desc`) VALUES
(1, 'TRIBUNAL DE FLAGRANCIA DEL II CIRCUITO JUDICIAL DE SAN JOSE'),
(2, 'TRIBUNAL DE HEREDIA'),
(3, 'TRIBUNAL PENAL DEL I CIRDUITO JUDICIAL DE ALAJUELA'),
(4, 'TRIBUNAL PENAL III CIRCUITO JUDICIAL DE SAN JOSE'),
(5, 'TRIBUNAL DE JUICIO DE SAN JOSÉ'),
(6, 'JUZGADO DE EJECUCION DE LA PENA ALAJUELA'),
(7, 'TSP LIBERIA'),
(8, 'TRIBUNAL DE CARTAGO '),
(9, 'TRIBUNAL PENAL II CIRCUITO JUDICIAL DE SAN JOSE'),
(10, 'TRIBUNAL DE JUICIO DE PAVAS'),
(11, 'TRIBUNAL PENAL I CIRCUITO JUDICIAL DE SAN JOSE'),
(12, 'TRIBUNAL DE CARTAGO, SEDE TURRIALBA'),
(13, 'TRIBUNAL DE PUNTARENAS');

-- --------------------------------------------------------

--
-- Table structure for table `canton`
--

CREATE TABLE `canton` (
  `Canton_Cod` int(11) NOT NULL,
  `CodProvincia` int(11) NOT NULL,
  `CodCanton` varchar(45) NOT NULL,
  `CantonDesc` varchar(150) NOT NULL
) ENGINE=InnoDB DEFAULT CHARSET=latin1;

--
-- Dumping data for table `canton`
--

INSERT INTO `canton` (`Canton_Cod`, `CodProvincia`, `CodCanton`, `CantonDesc`) VALUES
(1, 1, '01', 'San José'),
(2, 1, '02', 'Escazú'),
(3, 1, '03', 'Desamparados'),
(4, 1, '04', 'Puriscal'),
(5, 1, '05', 'Tarrazú'),
(6, 1, '06', 'Aserrí'),
(7, 1, '07', 'Mora'),
(8, 1, '08', 'Goicoechea'),
(9, 1, '09', 'Santa Ana'),
(10, 1, '10', 'Alajuelita'),
(11, 1, '11', 'Vásquez de Coronado'),
(12, 1, '12', 'Acosta'),
(13, 1, '13', 'Tibás'),
(14, 1, '14', 'Moravia'),
(15, 1, '15', 'Montes de Oca'),
(16, 1, '16', 'Turrubares'),
(17, 1, '17', 'Dota'),
(18, 1, '18', 'Curridabat'),
(19, 1, '19', 'Pérez Zeledón'),
(20, 1, '20', 'León Cortéz Castro'),
(21, 2, '01', 'Alajuela'),
(22, 2, '02', 'San Ramón'),
(23, 2, '03', 'Grecia'),
(24, 2, '04', 'San Mateo'),
(25, 2, '05', 'Atenas'),
(26, 2, '06', 'Naranjo'),
(27, 2, '07', 'Palmares'),
(28, 2, '08', 'Poás'),
(29, 2, '09', 'Orotina'),
(30, 2, '10', 'San Carlos'),
(31, 2, '11', 'Zarcero'),
(32, 2, '12', 'Valverde Vega'),
(33, 2, '13', 'Upala'),
(34, 2, '14', 'Los Chiles'),
(35, 2, '15', 'Guatuso'),
(36, 3, '01', 'Cartago'),
(37, 3, '02', 'Paraíso'),
(38, 3, '03', 'La Unión'),
(39, 3, '04', 'Jiménez'),
(40, 3, '05', 'Turrialba'),
(41, 3, '06', 'Alvarado'),
(42, 3, '07', 'Oreamuno'),
(43, 3, '08', 'El Guarco'),
(44, 4, '01', 'Heredia'),
(45, 4, '02', 'Barva'),
(46, 4, '03', 'Santo Domingo'),
(47, 4, '04', 'Santa Bárbara'),
(48, 4, '05', 'San Rafaél'),
(49, 4, '06', 'San Isidro'),
(50, 4, '07', 'Belén'),
(51, 4, '08', 'Flores'),
(52, 4, '09', 'San Pablo'),
(53, 4, '10', 'Sarapiquí'),
(54, 5, '01', 'Liberia'),
(55, 5, '02', 'Nicoya'),
(56, 5, '03', 'Santa Cruz'),
(57, 5, '04', 'Bagaces'),
(58, 5, '05', 'Carrillo'),
(59, 5, '06', 'Cañas'),
(60, 5, '07', 'Abangáres'),
(61, 5, '08', 'Tilarán'),
(62, 5, '09', 'Nandayure'),
(63, 5, '10', 'La Cruz'),
(64, 5, '11', 'Hojancha'),
(65, 6, '01', 'Puntarenas'),
(66, 6, '02', 'Esparza'),
(67, 6, '03', 'Buenos Aires'),
(68, 6, '04', 'Montes de Oro'),
(69, 6, '05', 'Osa'),
(70, 6, '06', 'Aguirre'),
(71, 6, '07', 'Golfito'),
(72, 6, '08', 'Coto Brus'),
(73, 6, '09', 'Parrita'),
(74, 6, '10', 'Corredores'),
(75, 6, '11', 'Garabito'),
(76, 7, '01', 'Limón'),
(77, 7, '02', 'Pococí'),
(78, 7, '03', 'Siquirres'),
(79, 7, '04', 'Talamanca'),
(80, 7, '05', 'Matina'),
(81, 7, '06', 'Guácimo');

-- --------------------------------------------------------

--
-- Table structure for table `centroprocedencia`
--

CREATE TABLE `centroprocedencia` (
  `CentroProcedencia_Cod` int(11) NOT NULL,
  `CentroProcedencia_Desc` varchar(255) DEFAULT NULL
) ENGINE=InnoDB DEFAULT CHARSET=latin1;

--
-- Dumping data for table `centroprocedencia`
--

INSERT INTO `centroprocedencia` (`CentroProcedencia_Cod`, `CentroProcedencia_Desc`) VALUES
(1, 'CENTRO PENITENCIARIO LA REFORMA'),
(2, 'CENTRO PENITENCIARIO DE SAN RAFAEL (PUESTO 10)'),
(3, 'CENTRO PENITENCIARIO PARA EL ADULTO MAYOR'),
(4, 'CENTRO PENITENCIARIO GERARDO RODRÍGUEZ (LA CÁRCEL DEL VIRILLA)'),
(5, 'CARCEL DE PUNTARENAS.');

-- --------------------------------------------------------

--
-- Table structure for table `delitos`
--

CREATE TABLE `delitos` (
  `Delitos_Cod` int(11) NOT NULL,
  `Delitos_Desc` varchar(255) DEFAULT NULL
) ENGINE=InnoDB DEFAULT CHARSET=latin1;

--
-- Dumping data for table `delitos`
--

INSERT INTO `delitos` (`Delitos_Cod`, `Delitos_Desc`) VALUES
(1, 'Venta de drogas'),
(2, 'Posesión de drogas'),
(3, 'Robo agravado'),
(4, 'Infracción ley de psicotropicos'),
(5, 'Trafico Internacional de drogas'),
(6, 'Homicidio calificado'),
(7, 'Violacion'),
(8, 'Tentativa de Homicidio'),
(9, 'Robo Simple'),
(10, 'Lesiones Graves'),
(11, 'Abuso Sexual contra menor de edad'),
(12, 'Femicidio'),
(13, 'Homicidio Simple');

-- --------------------------------------------------------

--
-- Table structure for table `delitoscometidos`
--

CREATE TABLE `delitoscometidos` (
  `DelitoCometido_Cod` int(11) NOT NULL,
  `Delitos_Ref` int(11) NOT NULL,
  `IDregistro` bigint(20) NOT NULL
) ENGINE=InnoDB DEFAULT CHARSET=latin1;

-- --------------------------------------------------------

--
-- Table structure for table `delitosxpersona`
--

CREATE TABLE `delitosxpersona` (
  `idExpediente` bigint(20) NOT NULL,
  `persona_cedula` varchar(20) NOT NULL,
  `Expediente_Cod` varchar(255) NOT NULL,
  `CentroProcedencia_Ref` int(11) NOT NULL,
  `AutoridadSentenciadora_Ref` int(11) NOT NULL,
  `FechaIngreso` datetime NOT NULL,
  `MontoSentencia_Years` int(11) NOT NULL,
  `MontoSentencia_Month` int(11) NOT NULL,
  `CumplePrision` datetime NOT NULL,
  `CumpleDescuento` datetime NOT NULL,
  `MediaPena` datetime NOT NULL,
  `ViolenciaSexual` bit(1) NOT NULL,
  `AtencionDrogas` bit(1) NOT NULL,
  `ViolenciaDomestica` bit(1) NOT NULL,
  `ViolenciaFisica` bit(1) NOT NULL,
  `Usuarios_id` int(11) NOT NULL,
  `Ofendidos` text NOT NULL,
  `TIPOFIRMA` int(11) NOT NULL
) ENGINE=InnoDB DEFAULT CHARSET=latin1;

--
-- Dumping data for table `delitosxpersona`
--

INSERT INTO `delitosxpersona` (`idExpediente`, `persona_cedula`, `Expediente_Cod`, `CentroProcedencia_Ref`, `AutoridadSentenciadora_Ref`, `FechaIngreso`, `MontoSentencia_Years`, `MontoSentencia_Month`, `CumplePrision`, `CumpleDescuento`, `MediaPena`, `ViolenciaSexual`, `AtencionDrogas`, `ViolenciaDomestica`, `ViolenciaFisica`, `Usuarios_id`, `Ofendidos`, `TIPOFIRMA`) VALUES
(1, '702560214', '1', 1, 1, '2020-04-09 00:00:00', 99, 12, '2020-04-09 00:00:00', '1970-01-01 00:00:00', '1970-01-01 00:00:00', b'1', b'1', b'0', b'0', 1, 'Francisco Vazquez', 12);

-- --------------------------------------------------------

--
-- Table structure for table `direccionxpersona`
--

CREATE TABLE `direccionxpersona` (
  `id` int(11) NOT NULL,
  `tipoDireccion_Ref` int(11) NOT NULL,
  `Provincia_Ref` int(11) NOT NULL,
  `Canton_Ref` int(11) NOT NULL,
  `Distrito_Ref` int(11) NOT NULL,
  `persona_cedula` varchar(20) NOT NULL
) ENGINE=InnoDB DEFAULT CHARSET=latin1;

-- --------------------------------------------------------

--
-- Table structure for table `distrito`
--

CREATE TABLE `distrito` (
  `Distrito_Cod` int(11) NOT NULL,
  `CodProvincia` int(11) NOT NULL,
  `CodCanton` varchar(5) NOT NULL,
  `DistritoCod` varchar(5) NOT NULL,
  `Distrito_Desc` varchar(255) NOT NULL
) ENGINE=InnoDB DEFAULT CHARSET=latin1;

--
-- Dumping data for table `distrito`
--

INSERT INTO `distrito` (`Distrito_Cod`, `CodProvincia`, `CodCanton`, `DistritoCod`, `Distrito_Desc`) VALUES
(1, 1, '01', '01', 'CARMEN'),
(2, 1, '01', '02', 'MERCED'),
(3, 1, '01', '03', 'HOSPITAL'),
(4, 1, '01', '04', 'CATEDRAL'),
(5, 1, '01', '05', 'ZAPOTE'),
(6, 1, '01', '07', 'SAN FRANCISCO DE DOS RÍOS'),
(7, 1, '01', '7', 'URUCA'),
(8, 1, '01', '08', 'MATA REDONDA'),
(9, 1, '01', '09', 'PAVAS'),
(10, 1, '01', '10', 'HATILLO'),
(11, 1, '01', '11', 'SAN SEBASTIÁN'),
(12, 1, '02', '01', 'ESCAZÚ'),
(13, 1, '02', '02', 'SAN ANTONIO'),
(14, 1, '02', '03', 'SAN RAFAEL'),
(15, 1, '03', '01', 'DESAMPARADOS'),
(16, 1, '03', '02', 'SAN MIGUEL'),
(17, 1, '03', '03', 'SAN JUAN DE DIOS'),
(18, 1, '03', '04', 'SAN RAFAEL ARRIBA'),
(19, 1, '03', '05', 'SAN ANTONIO'),
(20, 1, '03', '07', 'FRAILES'),
(21, 1, '03', '7', 'PATARRÁ'),
(22, 1, '03', '08', 'SAN CRISTÓBAL'),
(23, 1, '03', '09', 'ROSARIO'),
(24, 1, '03', '10', 'DAMAS'),
(25, 1, '03', '11', 'SAN RAFAEL ABAJO'),
(26, 1, '03', '12', 'GRAVILIAS'),
(27, 1, '03', '13', 'LOS GUIDO'),
(28, 1, '04', '01', 'SANTIAGO'),
(29, 1, '04', '02', 'MERCEDES SUR'),
(30, 1, '04', '03', 'BARBACOAS'),
(31, 1, '04', '04', 'GRIFO ALTO'),
(32, 1, '04', '05', 'SAN RAFAEL'),
(33, 1, '04', '07', 'CANDELARITA'),
(34, 1, '04', '7', 'DESAMPARADITOS'),
(35, 1, '04', '08', 'SAN ANTONIO'),
(36, 1, '04', '09', 'CHIRES'),
(37, 1, '05', '01', 'SAN MARCOS'),
(38, 1, '05', '02', 'SAN LORENZO'),
(39, 1, '05', '03', 'SAN CARLOS'),
(40, 1, '06', '01', 'ASERRI'),
(41, 1, '06', '02', 'TARBACA'),
(42, 1, '06', '03', 'VUELTA DE JORCO'),
(43, 1, '06', '04', 'SAN GABRIEL'),
(44, 1, '06', '05', 'LEGUA'),
(45, 1, '06', '07', 'MONTERREY'),
(46, 1, '06', '7', 'SALITRILLOS'),
(47, 1, '07', '01', 'COLÓN'),
(48, 1, '07', '02', 'GUAYABO'),
(49, 1, '07', '03', 'TABARCIA'),
(50, 1, '07', '04', 'PIEDRAS NEGRAS'),
(51, 1, '07', '05', 'PICAGRES'),
(52, 1, '07', '07', 'JARIS'),
(53, 1, '07', '7', 'QUITIRRISI'),
(54, 1, '08', '01', 'GUADALUPE'),
(55, 1, '08', '02', 'SAN FRANCISCO'),
(56, 1, '08', '03', 'CALLE BLANCOS'),
(57, 1, '08', '04', 'MATA DE PLÁTANO'),
(58, 1, '08', '05', 'IPÍS'),
(59, 1, '08', '07', 'RANCHO REDONDO'),
(60, 1, '08', '7', 'PURRAL'),
(61, 1, '09', '01', 'SANTA ANA'),
(62, 1, '09', '02', 'SALITRAL'),
(63, 1, '09', '03', 'POZOS'),
(64, 1, '09', '04', 'URUCA'),
(65, 1, '09', '05', 'PIEDADES'),
(66, 1, '09', '07', 'BRASIL'),
(67, 1, '10', '01', 'ALAJUELITA'),
(68, 1, '10', '02', 'SAN JOSECITO'),
(69, 1, '10', '03', 'SAN ANTONIO'),
(70, 1, '10', '04', 'CONCEPCIÓN'),
(71, 1, '10', '05', 'SAN FELIPE'),
(72, 1, '11', '01', 'SAN ISIDRO'),
(73, 1, '11', '02', 'SAN RAFAEL'),
(74, 1, '11', '03', 'DULCE NOMBRE DE JESÚS'),
(75, 1, '11', '04', 'PATALILLO'),
(76, 1, '11', '05', 'CASCAJAL'),
(77, 1, '12', '01', 'SAN IGNACIO'),
(78, 1, '12', '02', 'GUAITIL Villa'),
(79, 1, '12', '03', 'PALMICHAL'),
(80, 1, '12', '04', 'CANGREJAL'),
(81, 1, '12', '05', 'SABANILLAS'),
(82, 1, '13', '01', 'SAN JUAN'),
(83, 1, '13', '02', 'CINCO ESQUINAS'),
(84, 1, '13', '03', 'ANSELMO LLORENTE'),
(85, 1, '13', '04', 'LEON XIII'),
(86, 1, '13', '05', 'COLIMA'),
(87, 1, '14', '01', 'SAN VICENTE'),
(88, 1, '14', '02', 'SAN JERÓNIMO'),
(89, 1, '14', '03', 'LA TRINIDAD'),
(90, 1, '15', '01', 'SAN PEDRO'),
(91, 1, '15', '02', 'SABANILLA'),
(92, 1, '15', '03', 'MERCEDES'),
(93, 1, '15', '04', 'SAN RAFAEL'),
(94, 1, '16', '01', 'SAN PABLO'),
(95, 1, '16', '02', 'SAN PEDRO'),
(96, 1, '16', '03', 'SAN JUAN DE MATA'),
(97, 1, '16', '04', 'SAN LUIS'),
(98, 1, '16', '05', 'CARARA'),
(99, 1, '17', '01', 'SANTA MARÍA'),
(100, 1, '17', '02', 'JARDÍN'),
(101, 1, '17', '03', 'COPEY'),
(102, 1, '18', '01', 'CURRIDABAT'),
(103, 1, '18', '02', 'GRANADILLA'),
(104, 1, '18', '03', 'SÁNCHEZ'),
(105, 1, '18', '04', 'TIRRASES'),
(106, 1, '19', '01', 'SAN ISIDRO DE EL GENERAL'),
(107, 1, '19', '02', 'EL GENERAL'),
(108, 1, '19', '03', 'DANIEL FLORES'),
(109, 1, '19', '04', 'RIVAS'),
(110, 1, '19', '05', 'SAN PEDRO'),
(111, 1, '19', '07', 'PLATANARES'),
(112, 1, '19', '7', 'PEJIBAYE'),
(113, 1, '19', '08', 'CAJÓN'),
(114, 1, '19', '09', 'BARÚ'),
(115, 1, '19', '10', 'RÍO NUEVO'),
(116, 1, '19', '11', 'PÁRAMO'),
(117, 1, '20', '01', 'SAN PABLO'),
(118, 1, '20', '02', 'SAN ANDRÉS'),
(119, 1, '20', '03', 'LLANO BONITO'),
(120, 1, '20', '04', 'SAN ISIDRO'),
(121, 1, '20', '05', 'SANTA CRUZ'),
(122, 1, '20', '07', 'SAN ANTONIO'),
(123, 2, '01', '01', 'ALAJUELA'),
(124, 2, '01', '02', 'SAN JOSÉ'),
(125, 2, '01', '03', 'CARRIZAL'),
(126, 2, '01', '04', 'SAN ANTONIO'),
(127, 2, '01', '05', 'GUÁCIMA'),
(128, 2, '01', '07', 'SAN ISIDRO'),
(129, 2, '01', '7', 'SABANILLA'),
(130, 2, '01', '08', 'SAN RAFAEL'),
(131, 2, '01', '09', 'RÍO SEGUNDO'),
(132, 2, '01', '10', 'DESAMPARADOS'),
(133, 2, '01', '11', 'TURRÚCARES'),
(134, 2, '01', '12', 'TAMBOR'),
(135, 2, '01', '13', 'GARITA'),
(136, 2, '01', '14', 'SARAPIQUÍ'),
(137, 2, '02', '01', 'SAN RAMÓN'),
(138, 2, '02', '02', 'SANTIAGO'),
(139, 2, '02', '03', 'SAN JUAN'),
(140, 2, '02', '04', 'PIEDADES NORTE'),
(141, 2, '02', '05', 'PIEDADES SUR'),
(142, 2, '02', '07', 'SAN RAFAEL'),
(143, 2, '02', '7', 'SAN ISIDRO'),
(144, 2, '02', '08', 'ÁNGELES'),
(145, 2, '02', '09', 'ALFARO'),
(146, 2, '02', '10', 'VOLIO'),
(147, 2, '02', '11', 'CONCEPCIÓN'),
(148, 2, '02', '12', 'ZAPOTAL'),
(149, 2, '02', '13', 'PEÑAS BLANCAS'),
(150, 2, '03', '01', 'GRECIA'),
(151, 2, '03', '02', 'SAN ISIDRO'),
(152, 2, '03', '03', 'SAN JOSÉ'),
(153, 2, '03', '04', 'SAN ROQUE'),
(154, 2, '03', '05', 'TACARES'),
(155, 2, '03', '07', 'RÍO CUARTO'),
(156, 2, '03', '7', 'PUENTE DE PIEDRA'),
(157, 2, '03', '08', 'BOLÍVAR'),
(158, 2, '04', '01', 'SAN MATEO'),
(159, 2, '04', '02', 'DESMONTE'),
(160, 2, '04', '03', 'JESÚS MARÍA'),
(161, 2, '04', '04', 'LABRADOR'),
(162, 2, '05', '01', 'ATENAS'),
(163, 2, '05', '02', 'JESÚS'),
(164, 2, '05', '03', 'MERCEDES'),
(165, 2, '05', '04', 'SAN ISIDRO'),
(166, 2, '05', '05', 'CONCEPCIÓN'),
(167, 2, '05', '07', 'SAN JOSE'),
(168, 2, '05', '7', 'SANTA EULALIA'),
(169, 2, '05', '08', 'ESCOBAL'),
(170, 2, '06', '01', 'NARANJO'),
(171, 2, '06', '02', 'SAN MIGUEL'),
(172, 2, '06', '03', 'SAN JOSÉ'),
(173, 2, '06', '04', 'CIRRÍ SUR'),
(174, 2, '06', '05', 'SAN JERÓNIMO'),
(175, 2, '06', '07', 'SAN JUAN'),
(176, 2, '06', '7', 'EL ROSARIO'),
(177, 2, '06', '08', 'PALMITOS'),
(178, 2, '07', '01', 'PALMARES'),
(179, 2, '07', '02', 'ZARAGOZA'),
(180, 2, '07', '03', 'BUENOS AIRES'),
(181, 2, '07', '04', 'SANTIAGO'),
(182, 2, '07', '05', 'CANDELARIA'),
(183, 2, '07', '07', 'ESQUÍPULAS'),
(184, 2, '07', '7', 'LA GRANJA'),
(185, 2, '08', '01', 'SAN PEDRO'),
(186, 2, '08', '02', 'SAN JUAN'),
(187, 2, '08', '03', 'SAN RAFAEL'),
(188, 2, '08', '04', 'CARRILLOS'),
(189, 2, '08', '05', 'SABANA REDONDA'),
(190, 2, '09', '01', 'OROTINA'),
(191, 2, '09', '02', 'EL MASTATE'),
(192, 2, '09', '03', 'HACIENDA VIEJA'),
(193, 2, '09', '04', 'COYOLAR'),
(194, 2, '09', '05', 'LA CEIBA'),
(195, 2, '10', '01', 'QUESADA'),
(196, 2, '10', '02', 'FLORENCIA'),
(197, 2, '10', '03', 'BUENAVISTA'),
(198, 2, '10', '04', 'AGUAS ZARCAS'),
(199, 2, '10', '05', 'VENECIA'),
(200, 2, '10', '07', 'PITAL'),
(201, 2, '10', '7', 'LA FORTUNA'),
(202, 2, '10', '08', 'LA TIGRA'),
(203, 2, '10', '09', 'LA PALMERA'),
(204, 2, '10', '10', 'VENADO'),
(205, 2, '10', '11', 'CUTRIS'),
(206, 2, '10', '12', 'MONTERREY'),
(207, 2, '10', '13', 'POCOSOL'),
(208, 2, '11', '01', 'ZARCERO'),
(209, 2, '11', '02', 'LAGUNA'),
(210, 2, '11', '04', 'GUADALUPE'),
(211, 2, '11', '05', 'PALMIRA'),
(212, 2, '11', '07', 'ZAPOTE'),
(213, 2, '11', '7', 'BRISAS'),
(214, 2, '12', '01', 'SARCHÍ NORTE'),
(215, 2, '12', '02', 'SARCHÍ SUR'),
(216, 2, '12', '03', 'TORO AMARILLO'),
(217, 2, '12', '04', 'SAN PEDRO'),
(218, 2, '12', '05', 'RODRÍGUEZ'),
(219, 2, '13', '01', 'UPALA'),
(220, 2, '13', '02', 'AGUAS CLARAS'),
(221, 2, '13', '03', 'SAN JOSÉ o PIZOTE'),
(222, 2, '13', '04', 'BIJAGUA'),
(223, 2, '13', '05', 'DELICIAS'),
(224, 2, '13', '07', 'DOS RÍOS'),
(225, 2, '13', '7', 'YOLILLAL'),
(226, 2, '13', '08', 'CANALETE'),
(227, 2, '14', '01', 'LOS CHILES'),
(228, 2, '14', '02', 'CAÑO NEGRO'),
(229, 2, '14', '03', 'EL AMPARO'),
(230, 2, '14', '04', 'SAN JORGE'),
(231, 2, '15', '02', 'BUENAVISTA'),
(232, 2, '15', '03', 'COTE'),
(233, 2, '15', '04', 'KATIRA'),
(234, 3, '01', '01', 'ORIENTAL'),
(235, 3, '01', '02', 'OCCIDENTAL'),
(236, 3, '01', '03', 'CARMEN'),
(237, 3, '01', '04', 'SAN NICOLÁS'),
(238, 3, '01', '05', 'AGUACALIENTE o SAN FRANCISCO'),
(239, 3, '01', '07', 'GUADALUPE o ARENILLA'),
(240, 3, '01', '7', 'CORRALILLO'),
(241, 3, '01', '08', 'TIERRA BLANCA'),
(242, 3, '01', '09', 'DULCE NOMBRE'),
(243, 3, '01', '10', 'LLANO GRANDE'),
(244, 3, '01', '11', 'QUEBRADILLA'),
(245, 3, '02', '01', 'PARAÍSO'),
(246, 3, '02', '02', 'SANTIAGO'),
(247, 3, '02', '03', 'OROSI'),
(248, 3, '02', '04', 'CACHÍ'),
(249, 3, '02', '05', 'LLANOS DE SANTA LUCÍA'),
(250, 3, '03', '01', 'TRES RÍOS'),
(251, 3, '03', '02', 'SAN DIEGO'),
(252, 3, '03', '03', 'SAN JUAN'),
(253, 3, '03', '04', 'SAN RAFAEL'),
(254, 3, '03', '05', 'CONCEPCIÓN'),
(255, 3, '03', '07', 'DULCE NOMBRE'),
(256, 3, '03', '7', 'SAN RAMÓN'),
(257, 3, '03', '08', 'RÍO AZUL'),
(258, 3, '04', '01', 'JUAN VIÑAS'),
(259, 3, '04', '02', 'TUCURRIQUE'),
(260, 3, '04', '03', 'PEJIBAYE'),
(261, 3, '05', '01', 'TURRIALBA'),
(262, 3, '05', '02', 'LA SUIZA'),
(263, 3, '05', '03', 'PERALTA'),
(264, 3, '05', '04', 'SANTA CRUZ'),
(265, 3, '05', '05', 'SANTA TERESITA'),
(266, 3, '05', '07', 'PAVONES'),
(267, 3, '05', '7', 'TUIS'),
(268, 3, '05', '08', 'TAYUTIC'),
(269, 3, '05', '09', 'SANTA ROSA'),
(270, 3, '05', '10', 'TRES EQUIS'),
(271, 3, '05', '11', 'LA ISABEL'),
(272, 3, '05', '12', 'CHIRRIPÓ'),
(273, 3, '06', '01', 'PACAYAS'),
(274, 3, '06', '02', 'CERVANTES'),
(275, 3, '06', '03', 'CAPELLADES'),
(276, 3, '07', '01', 'SAN RAFAEL'),
(277, 3, '07', '02', 'COT'),
(278, 3, '07', '03', 'POTRERO CERRADO'),
(279, 3, '07', '04', 'CIPRESES'),
(280, 3, '07', '05', 'SANTA ROSA'),
(281, 3, '08', '01', 'EL TEJAR'),
(282, 3, '08', '02', 'SAN ISIDRO'),
(283, 3, '08', '03', 'TOBOSI'),
(284, 3, '08', '04', 'PATIO DE AGUA'),
(285, 4, '01', '01', 'HEREDIA'),
(286, 4, '01', '02', 'MERCEDES'),
(287, 4, '01', '03', 'SAN FRANCISCO'),
(288, 4, '01', '04', 'ULLOA'),
(289, 4, '01', '05', 'VARABLANCA'),
(290, 4, '02', '01', 'BARVA'),
(291, 4, '02', '02', 'SAN PEDRO'),
(292, 4, '02', '03', 'SAN PABLO'),
(293, 4, '02', '04', 'SAN ROQUE'),
(294, 4, '02', '05', 'SANTA LUCÍA'),
(295, 4, '02', '07', 'SAN JOSÉ DE LA MONTAÑA'),
(296, 4, '03', '02', 'SAN VICENTE'),
(297, 4, '03', '03', 'SAN MIGUEL'),
(298, 4, '03', '04', 'PARACITO'),
(299, 4, '03', '05', 'SANTO TOMÁS'),
(300, 4, '03', '07', 'SANTA ROSA'),
(301, 4, '03', '7', 'TURES'),
(302, 4, '03', '08', 'PARÁ'),
(303, 4, '04', '01', 'SANTA BÁRBARA'),
(304, 4, '04', '02', 'SAN PEDRO'),
(305, 4, '04', '03', 'SAN JUAN'),
(306, 4, '04', '04', 'JESÚS'),
(307, 4, '04', '05', 'SANTO DOMINGO'),
(308, 4, '04', '07', 'PURABÁ'),
(309, 4, '05', '01', 'SAN RAFAEL'),
(310, 4, '05', '02', 'SAN JOSECITO'),
(311, 4, '05', '03', 'SANTIAGO'),
(312, 4, '05', '04', 'ÁNGELES'),
(313, 4, '05', '05', 'CONCEPCIÓN'),
(314, 4, '06', '01', 'SAN ISIDRO'),
(315, 4, '06', '02', 'SAN JOSÉ'),
(316, 4, '06', '03', 'CONCEPCIÓN'),
(317, 4, '06', '04', 'SAN FRANCISCO'),
(318, 4, '07', '01', 'SAN ANTONIO'),
(319, 4, '07', '02', 'LA RIBERA'),
(320, 4, '07', '03', 'LA ASUNCIÓN'),
(321, 4, '08', '01', 'SAN JOAQUÍN'),
(322, 4, '08', '02', 'BARRANTES'),
(323, 4, '08', '03', 'LLORENTE'),
(324, 4, '09', '01', 'SAN PABLO'),
(325, 4, '10', '01', 'PUERTO VIEJO'),
(326, 4, '10', '02', 'LA VIRGEN'),
(327, 4, '10', '03', 'LAS HORQUETAS'),
(328, 4, '10', '04', 'LLANURAS DEL GASPAR'),
(329, 4, '10', '05', 'CUREÑA'),
(330, 5, '01', '01', 'LIBERIA'),
(331, 5, '01', '02', 'CAÑAS DULCES'),
(332, 5, '01', '03', 'MAYORGA'),
(333, 5, '01', '04', 'NACASCOLO'),
(334, 5, '01', '05', 'CURUBANDÉ'),
(335, 5, '02', '01', 'NICOYA'),
(336, 5, '02', '02', 'MANSIÓN'),
(337, 5, '02', '03', 'SAN ANTONIO'),
(338, 5, '02', '04', 'QUEBRADA HONDA'),
(339, 5, '02', '05', 'SÁMARA'),
(340, 5, '02', '07', 'NOSARA'),
(341, 5, '02', '7', 'BELÉN DE NOSARITA'),
(342, 5, '03', '01', 'SANTA CRUZ'),
(343, 5, '03', '02', 'BOLSÓN'),
(344, 5, '03', '03', 'VEINTISIETE DE ABRIL'),
(345, 5, '03', '04', 'TEMPATE'),
(346, 5, '03', '05', 'CARTAGENA'),
(347, 5, '03', '07', 'CUAJINIQUIL'),
(348, 5, '03', '7', 'DIRIÁ'),
(349, 5, '03', '08', 'CABO VELAS'),
(350, 5, '03', '09', 'TAMARINDO'),
(351, 5, '04', '01', 'BAGACES'),
(352, 5, '04', '02', 'LA FORTUNA'),
(353, 5, '04', '03', 'MOGOTE'),
(354, 5, '04', '04', 'RÍO NARANJO'),
(355, 5, '05', '01', 'FILADELFIA'),
(356, 5, '05', '02', 'PALMIRA'),
(357, 5, '05', '03', 'SARDINAL'),
(358, 5, '05', '04', 'BELÉN'),
(359, 5, '06', '01', 'CAÑAS'),
(360, 5, '06', '02', 'PALMIRA'),
(361, 5, '06', '03', 'SAN MIGUEL'),
(362, 5, '06', '04', 'BEBEDERO'),
(363, 5, '06', '05', 'POROZAL'),
(364, 5, '07', '01', 'LAS JUNTAS'),
(365, 5, '07', '02', 'SIERRA'),
(366, 5, '07', '03', 'SAN JUAN'),
(367, 5, '07', '04', 'COLORADO'),
(368, 5, '08', '01', 'TILARÁN'),
(369, 5, '08', '02', 'QUEBRADA GRANDE'),
(370, 5, '08', '03', 'TRONADORA'),
(371, 5, '08', '04', 'SANTA ROSA'),
(372, 5, '08', '05', 'LÍBANO'),
(373, 5, '08', '07', 'TIERRAS MORENAS'),
(374, 5, '08', '7', 'ARENAL'),
(375, 5, '09', '01', 'CARMONA'),
(376, 5, '09', '02', 'SANTA RITA'),
(377, 5, '09', '03', 'ZAPOTAL'),
(378, 5, '09', '04', 'SAN PABLO'),
(379, 5, '09', '05', 'PORVENIR'),
(380, 5, '09', '07', 'BEJUCO'),
(381, 5, '10', '01', 'LA CRUZ'),
(382, 5, '10', '02', 'SANTA CECILIA'),
(383, 5, '10', '03', 'LA GARITA'),
(384, 5, '10', '04', 'SANTA ELENA'),
(385, 5, '11', '01', 'HOJANCHA'),
(386, 5, '11', '02', 'MONTE ROMO'),
(387, 5, '11', '03', 'PUERTO CARRILLO'),
(388, 5, '11', '04', 'HUACAS'),
(389, 6, '01', '01', 'PUNTARENAS'),
(390, 6, '01', '02', 'PITAHAYA'),
(391, 6, '01', '03', 'CHOMES'),
(392, 6, '01', '04', 'LEPANTO'),
(393, 6, '01', '05', 'PAQUERA'),
(394, 6, '01', '07', 'MANZANILLO'),
(395, 6, '01', '7', 'GUACIMAL'),
(396, 6, '01', '08', 'BARRANCA'),
(397, 6, '01', '09', 'MONTE VERDE'),
(398, 6, '01', '11', 'CÓBANO'),
(399, 6, '01', '12', 'CHACARITA'),
(400, 6, '01', '13', 'CHIRA'),
(401, 6, '01', '14', 'ACAPULCO'),
(402, 6, '01', '15', 'EL ROBLE'),
(403, 6, '01', '16', 'ARANCIBIA'),
(404, 6, '02', '01', 'ESPÍRITU SANTO'),
(405, 6, '02', '02', 'SAN JUAN GRANDE'),
(406, 6, '02', '03', 'MACACONA'),
(407, 6, '02', '04', 'SAN RAFAEL'),
(408, 6, '02', '05', 'SAN JERÓNIMO'),
(409, 6, '02', '07', 'CALDERA'),
(410, 6, '03', '01', 'BUENOS AIRES'),
(411, 6, '03', '02', 'VOLCÁN'),
(412, 6, '03', '03', 'POTRERO GRANDE'),
(413, 6, '03', '04', 'BORUCA'),
(414, 6, '03', '05', 'PILAS'),
(415, 6, '03', '07', 'COLINAS'),
(416, 6, '03', '7', 'CHÁNGUENA'),
(417, 6, '03', '08', 'BIOLLEY'),
(418, 6, '03', '09', 'BRUNKA'),
(419, 6, '04', '01', 'MIRAMAR'),
(420, 6, '04', '02', 'LA UNIÓN'),
(421, 6, '04', '03', 'SAN ISIDRO'),
(422, 6, '05', '01', 'PUERTO CORTÉS'),
(423, 6, '05', '02', 'PALMAR'),
(424, 6, '05', '03', 'SIERPE'),
(425, 6, '05', '04', 'BAHÍA BALLENA'),
(426, 6, '05', '05', 'PIEDRAS BLANCAS'),
(427, 6, '05', '07', 'BAHÍA DRAKE'),
(428, 6, '06', '01', 'QUEPOS'),
(429, 6, '06', '02', 'SAVEGRE'),
(430, 6, '06', '03', 'NARANJITO'),
(431, 6, '07', '01', 'GOLFITO'),
(432, 6, '07', '02', 'PUERTO JIMÉNEZ'),
(433, 6, '07', '03', 'GUAYCARÁ'),
(434, 6, '07', '04', 'PAVÓN'),
(435, 6, '08', '01', 'SAN VITO'),
(436, 6, '08', '02', 'SABALITO'),
(437, 6, '08', '03', 'AGUABUENA'),
(438, 6, '08', '04', 'LIMONCITO'),
(439, 6, '08', '05', 'PITTIER'),
(440, 6, '08', '07', 'GUTIERREZ BRAUN'),
(441, 6, '09', '01', 'PARRITA'),
(442, 6, '10', '01', 'CORREDOR'),
(443, 6, '10', '02', 'LA CUESTA'),
(444, 6, '10', '03', 'CANOAS'),
(445, 6, '10', '04', 'LAUREL'),
(446, 6, '11', '01', 'JACÓ'),
(447, 6, '11', '02', 'TÁRCOLES'),
(448, 7, '01', '01', 'LIMÓN'),
(449, 7, '01', '02', 'VALLE LA ESTRELLA'),
(450, 7, '01', '04', 'MATAMA'),
(451, 7, '02', '01', 'GUÁPILES'),
(452, 7, '02', '02', 'JIMÉNEZ'),
(453, 7, '02', '03', 'RITA'),
(454, 7, '02', '04', 'ROXANA'),
(455, 7, '02', '05', 'CARIARI'),
(456, 7, '02', '07', 'COLORADO'),
(457, 7, '02', '7', 'LA COLONIA'),
(458, 7, '03', '01', 'SIQUIRRES'),
(459, 7, '03', '02', 'PACUARITO'),
(460, 7, '03', '03', 'FLORIDA'),
(461, 7, '03', '04', 'GERMANIA'),
(462, 7, '03', '05', 'EL CAIRO'),
(463, 7, '03', '07', 'ALEGRÍA'),
(464, 7, '04', '01', 'BRATSI'),
(465, 7, '04', '02', 'SIXAOLA'),
(466, 7, '04', '03', 'CAHUITA'),
(467, 7, '04', '04', 'TELIRE'),
(468, 7, '05', '01', 'MATINA'),
(469, 7, '05', '02', 'BATÁN'),
(470, 7, '05', '03', 'CARRANDI'),
(471, 7, '06', '01', 'GUÁCIMO'),
(472, 7, '06', '02', 'MERCEDES'),
(473, 7, '06', '03', 'POCORA'),
(474, 7, '06', '04', 'RÍO JIMÉNEZ'),
(475, 7, '06', '05', 'DUACARÍ');

-- --------------------------------------------------------

--
-- Table structure for table `empleoxpersona`
--

CREATE TABLE `empleoxpersona` (
  `id` int(11) NOT NULL,
  `persona_cedula` varchar(20) NOT NULL,
  `Empresa` varchar(200) NOT NULL,
  `TipoSeguro_Ref` int(11) NOT NULL,
  `ActividadLaboral_Ref` int(11) NOT NULL,
  `Nombre_Patron` varchar(255) NOT NULL,
  `Poliza_Trabajo` bit(1) NOT NULL,
  `Pensionado` bit(1) NOT NULL
) ENGINE=InnoDB DEFAULT CHARSET=latin1;

--
-- Dumping data for table `empleoxpersona`
--

INSERT INTO `empleoxpersona` (`id`, `persona_cedula`, `Empresa`, `TipoSeguro_Ref`, `ActividadLaboral_Ref`, `Nombre_Patron`, `Poliza_Trabajo`, `Pensionado`) VALUES
(1, '702560214', 'Tek-Experts', 1, 1, 'Pepe Figueres', b'1', b'0');

-- --------------------------------------------------------

--
-- Table structure for table `escolaridad`
--

CREATE TABLE `escolaridad` (
  `Escolaridad_Cod` int(11) NOT NULL,
  `Escolaridad_Desc` varchar(255) DEFAULT NULL
) ENGINE=InnoDB DEFAULT CHARSET=latin1;

--
-- Dumping data for table `escolaridad`
--

INSERT INTO `escolaridad` (`Escolaridad_Cod`, `Escolaridad_Desc`) VALUES
(8, 'N/A'),
(9, 'Primaria completa'),
(10, 'Primaria incompleta'),
(11, 'Colegio completo'),
(12, 'Colegio incompleta'),
(13, 'Universidad completa'),
(14, 'Universidad incompleta');

-- --------------------------------------------------------

--
-- Table structure for table `estadocivil`
--

CREATE TABLE `estadocivil` (
  `EstadoCivil_Cod` int(11) NOT NULL,
  `EstadoCivil_Desc` varchar(255) DEFAULT NULL
) ENGINE=InnoDB DEFAULT CHARSET=latin1;

--
-- Dumping data for table `estadocivil`
--

INSERT INTO `estadocivil` (`EstadoCivil_Cod`, `EstadoCivil_Desc`) VALUES
(7, 'Soltero/a'),
(8, 'Casado/a'),
(9, 'Divoricado/a'),
(10, 'Viudo/a'),
(11, 'Union Libre'),
(12, 'Otro');

-- --------------------------------------------------------

--
-- Table structure for table `grupos`
--

CREATE TABLE `grupos` (
  `id` int(11) NOT NULL,
  `name` varchar(150) NOT NULL,
  `description` varchar(100) NOT NULL
) ENGINE=InnoDB DEFAULT CHARSET=latin1;

--
-- Dumping data for table `grupos`
--

INSERT INTO `grupos` (`id`, `name`, `description`) VALUES
(1, 'Administrator', '10'),
(2, 'Records Manager', '5'),
(3, 'Report Generator', '3'),
(4, 'View User', '1');

-- --------------------------------------------------------

--
-- Table structure for table `grupousuarios`
--

CREATE TABLE `grupousuarios` (
  `id` int(11) NOT NULL,
  `user_id` int(11) NOT NULL,
  `group_id` int(11) NOT NULL
) ENGINE=InnoDB DEFAULT CHARSET=latin1;

--
-- Dumping data for table `grupousuarios`
--

INSERT INTO `grupousuarios` (`id`, `user_id`, `group_id`) VALUES
(1, 1, 1);

-- --------------------------------------------------------

--
-- Table structure for table `login_attempts`
--

CREATE TABLE `login_attempts` (
  `id` int(11) NOT NULL,
  `ip_address` varchar(45) NOT NULL,
  `login` varchar(100) NOT NULL,
  `time` int(11) NOT NULL
) ENGINE=InnoDB DEFAULT CHARSET=latin1;

-- --------------------------------------------------------

--
-- Table structure for table `modalidadfirma`
--

CREATE TABLE `modalidadfirma` (
  `ModalidadFirma_Cod` int(11) NOT NULL,
  `ModalidadFirma_Desc` varchar(255) DEFAULT NULL
) ENGINE=InnoDB DEFAULT CHARSET=latin1;

--
-- Dumping data for table `modalidadfirma`
--

INSERT INTO `modalidadfirma` (`ModalidadFirma_Cod`, `ModalidadFirma_Desc`) VALUES
(1, 'LUNES'),
(2, 'MARTES'),
(3, 'MIERCOLES'),
(4, 'JUEVES'),
(5, 'VIERNES'),
(6, 'C/MES 4° K'),
(7, 'C/MES 3° V'),
(8, 'C/MES 1° K'),
(9, 'C/2 MESES 3º K'),
(10, 'C/MES 3º K'),
(11, '3º Y 4º V'),
(12, 'C/DOS MESES 2º K');

-- --------------------------------------------------------

--
-- Table structure for table `nacionalidad`
--

CREATE TABLE `nacionalidad` (
  `Nacionalidad_Cod` int(11) NOT NULL,
  `Nacionalidad_Desc` varchar(255) DEFAULT NULL
) ENGINE=InnoDB DEFAULT CHARSET=latin1;

--
-- Dumping data for table `nacionalidad`
--

INSERT INTO `nacionalidad` (`Nacionalidad_Cod`, `Nacionalidad_Desc`) VALUES
(7, 'Costarricense'),
(8, 'Nicaraguense'),
(9, 'Panameño'),
(10, 'Salvadoreño'),
(11, 'Colombiano'),
(12, 'Venezolano');

-- --------------------------------------------------------

--
-- Table structure for table `persona`
--

CREATE TABLE `persona` (
  `cedula` varchar(20) NOT NULL,
  `nombre` varchar(200) NOT NULL,
  `apellido1` varchar(200) NOT NULL,
  `FechaNac` date NOT NULL,
  `EstadoCivil_Ref` int(11) NOT NULL,
  `Nacionalidad_Ref` int(11) NOT NULL,
  `Escolaridad_Ref` int(11) NOT NULL,
  `Discapacidad` bit(1) NOT NULL,
  `Indigena` bit(1) NOT NULL,
  `AdultoMayor` bit(1) NOT NULL,
  `LGBTQI` bit(1) NOT NULL
) ENGINE=InnoDB DEFAULT CHARSET=latin1;

--
-- Dumping data for table `persona`
--

INSERT INTO `persona` (`cedula`, `nombre`, `apellido1`, `FechaNac`, `EstadoCivil_Ref`, `Nacionalidad_Ref`, `Escolaridad_Ref`, `Discapacidad`, `Indigena`, `AdultoMayor`, `LGBTQI`) VALUES
('702560214', 'Douglas Gonzalez', '', '0000-00-00', 7, 7, 8, b'0', b'0', b'0', b'0');

-- --------------------------------------------------------

--
-- Table structure for table `provincia`
--

CREATE TABLE `provincia` (
  `Provincia_Cod` int(11) NOT NULL,
  `Provincia_Desc` varchar(255) DEFAULT NULL
) ENGINE=InnoDB DEFAULT CHARSET=latin1;

--
-- Dumping data for table `provincia`
--

INSERT INTO `provincia` (`Provincia_Cod`, `Provincia_Desc`) VALUES
(1, 'San José'),
(2, 'Alajuela'),
(3, 'Cartago'),
(4, 'Heredia'),
(5, 'Guanacaste'),
(6, 'Puntarenas'),
(7, 'Limón');

-- --------------------------------------------------------

--
-- Table structure for table `telefonoxpersona`
--

CREATE TABLE `telefonoxpersona` (
  `id` varchar(45) NOT NULL,
  `numeroTelefono` int(11) NOT NULL,
  `tipotelefono_tipoTelefono_Cod` int(11) NOT NULL,
  `persona_cedula` varchar(20) NOT NULL
) ENGINE=InnoDB DEFAULT CHARSET=latin1;

-- --------------------------------------------------------

--
-- Table structure for table `tipodireccion`
--

CREATE TABLE `tipodireccion` (
  `tipoDireccion_Cod` int(11) NOT NULL,
  `tipoDireccion_Desc` varchar(255) DEFAULT NULL
) ENGINE=InnoDB DEFAULT CHARSET=latin1;

--
-- Dumping data for table `tipodireccion`
--

INSERT INTO `tipodireccion` (`tipoDireccion_Cod`, `tipoDireccion_Desc`) VALUES
(1, 'Laboral'),
(2, 'Habitacion');

-- --------------------------------------------------------

--
-- Table structure for table `tiposeguro`
--

CREATE TABLE `tiposeguro` (
  `TipoSeguro_Cod` int(11) NOT NULL,
  `TipoSeguro_Desc` varchar(255) DEFAULT NULL
) ENGINE=InnoDB DEFAULT CHARSET=latin1;

--
-- Dumping data for table `tiposeguro`
--

INSERT INTO `tiposeguro` (`TipoSeguro_Cod`, `TipoSeguro_Desc`) VALUES
(1, 'CCSS'),
(2, 'INS');

-- --------------------------------------------------------

--
-- Table structure for table `tipotelefono`
--

CREATE TABLE `tipotelefono` (
  `tipoTelefono_Cod` int(11) NOT NULL,
  `tipoTelefono_Desc` varchar(255) NOT NULL
) ENGINE=InnoDB DEFAULT CHARSET=latin1;

-- --------------------------------------------------------

--
-- Table structure for table `usuarios`
--

CREATE TABLE `usuarios` (
  `id` int(11) NOT NULL,
  `Nombre` varchar(45) NOT NULL,
  `Apellidos` varchar(45) NOT NULL,
  `email` varchar(150) NOT NULL,
  `active` bit(1) NOT NULL,
  `last_login` varchar(45) NOT NULL,
  `password` varchar(255) NOT NULL,
  `forgotten_password_selector` varchar(255) DEFAULT NULL,
  `activation_code` varchar(255) DEFAULT NULL,
  `activation_selector` varchar(255) DEFAULT NULL,
  `forgotten_password_code` varchar(255) DEFAULT NULL,
  `forgotten_password_time` varchar(255) DEFAULT NULL,
  `remember_selector` varchar(45) DEFAULT NULL,
  `remember_code` varchar(45) DEFAULT NULL
) ENGINE=InnoDB DEFAULT CHARSET=latin1;

--
-- Dumping data for table `usuarios`
--

INSERT INTO `usuarios` (`id`, `Nombre`, `Apellidos`, `email`, `active`, `last_login`, `password`, `forgotten_password_selector`, `activation_code`, `activation_selector`, `forgotten_password_code`, `forgotten_password_time`, `remember_selector`, `remember_code`) VALUES
(1, 'Soporte', 'Tecnico', 'dou.jus97@gmail.com', b'1', '1587084052', '$2y$10$5ni.60hcAFqtPFAnXoql6OMCt5zvOSUhce5rJyHDKLIYtnvT6W28e', NULL, NULL, NULL, NULL, NULL, NULL, NULL);

--
-- Indexes for dumped tables
--

--
-- Indexes for table `actividadeslaborales`
--
ALTER TABLE `actividadeslaborales`
  ADD PRIMARY KEY (`ActividadLaboral_Cod`);

--
-- Indexes for table `autoridadsentenciadora`
--
ALTER TABLE `autoridadsentenciadora`
  ADD PRIMARY KEY (`AutoridadSentenciadora_Cod`);

--
-- Indexes for table `canton`
--
ALTER TABLE `canton`
  ADD PRIMARY KEY (`Canton_Cod`);

--
-- Indexes for table `centroprocedencia`
--
ALTER TABLE `centroprocedencia`
  ADD PRIMARY KEY (`CentroProcedencia_Cod`);

--
-- Indexes for table `delitos`
--
ALTER TABLE `delitos`
  ADD PRIMARY KEY (`Delitos_Cod`);

--
-- Indexes for table `delitoscometidos`
--
ALTER TABLE `delitoscometidos`
  ADD PRIMARY KEY (`DelitoCometido_Cod`),
  ADD KEY `Delitos_Ref` (`Delitos_Ref`),
  ADD KEY `fk_delitoscometidos_delitosxpersona1_idx` (`IDregistro`);

--
-- Indexes for table `delitosxpersona`
--
ALTER TABLE `delitosxpersona`
  ADD PRIMARY KEY (`idExpediente`),
  ADD KEY `CentroProcedencia_Ref` (`CentroProcedencia_Ref`),
  ADD KEY `AutoridadSentenciadora_Ref` (`AutoridadSentenciadora_Ref`),
  ADD KEY `fk_delitosxpersona_Usuarios1_idx` (`Usuarios_id`),
  ADD KEY `fk_delitosxpersona_modalidadfirma1_idx` (`TIPOFIRMA`),
  ADD KEY `fk_delitosxpersona_persona1_idx` (`persona_cedula`);

--
-- Indexes for table `direccionxpersona`
--
ALTER TABLE `direccionxpersona`
  ADD PRIMARY KEY (`id`),
  ADD KEY `Provincia_Ref` (`Provincia_Ref`),
  ADD KEY `Canton_Ref` (`Canton_Ref`),
  ADD KEY `Distrito_Ref` (`Distrito_Ref`),
  ADD KEY `tipoDireccion_Ref` (`tipoDireccion_Ref`),
  ADD KEY `fk_direccionxpersona_persona1_idx` (`persona_cedula`);

--
-- Indexes for table `distrito`
--
ALTER TABLE `distrito`
  ADD PRIMARY KEY (`Distrito_Cod`);

--
-- Indexes for table `empleoxpersona`
--
ALTER TABLE `empleoxpersona`
  ADD PRIMARY KEY (`id`),
  ADD KEY `TipoSeguro_Ref` (`TipoSeguro_Ref`),
  ADD KEY `ActividadLaboral_Ref` (`ActividadLaboral_Ref`),
  ADD KEY `fk_empleoxpersona_persona1_idx` (`persona_cedula`);

--
-- Indexes for table `escolaridad`
--
ALTER TABLE `escolaridad`
  ADD PRIMARY KEY (`Escolaridad_Cod`);

--
-- Indexes for table `estadocivil`
--
ALTER TABLE `estadocivil`
  ADD PRIMARY KEY (`EstadoCivil_Cod`);

--
-- Indexes for table `grupos`
--
ALTER TABLE `grupos`
  ADD PRIMARY KEY (`id`);

--
-- Indexes for table `grupousuarios`
--
ALTER TABLE `grupousuarios`
  ADD PRIMARY KEY (`id`),
  ADD KEY `fk_GrupoUsuarios_Usuarios1_idx` (`user_id`),
  ADD KEY `fk_GrupoUsuarios_Grupos1_idx` (`group_id`);

--
-- Indexes for table `login_attempts`
--
ALTER TABLE `login_attempts`
  ADD PRIMARY KEY (`id`);

--
-- Indexes for table `modalidadfirma`
--
ALTER TABLE `modalidadfirma`
  ADD PRIMARY KEY (`ModalidadFirma_Cod`);

--
-- Indexes for table `nacionalidad`
--
ALTER TABLE `nacionalidad`
  ADD PRIMARY KEY (`Nacionalidad_Cod`);

--
-- Indexes for table `persona`
--
ALTER TABLE `persona`
  ADD PRIMARY KEY (`cedula`),
  ADD KEY `Nacionalidad_Ref` (`Nacionalidad_Ref`),
  ADD KEY `EstadoCivil_Ref` (`EstadoCivil_Ref`),
  ADD KEY `Escolaridad_Ref` (`Escolaridad_Ref`);

--
-- Indexes for table `provincia`
--
ALTER TABLE `provincia`
  ADD PRIMARY KEY (`Provincia_Cod`);

--
-- Indexes for table `telefonoxpersona`
--
ALTER TABLE `telefonoxpersona`
  ADD PRIMARY KEY (`id`),
  ADD KEY `fk_telefonoxpersona_tipotelefono1_idx` (`tipotelefono_tipoTelefono_Cod`),
  ADD KEY `fk_telefonoxpersona_persona1_idx` (`persona_cedula`);

--
-- Indexes for table `tipodireccion`
--
ALTER TABLE `tipodireccion`
  ADD PRIMARY KEY (`tipoDireccion_Cod`);

--
-- Indexes for table `tiposeguro`
--
ALTER TABLE `tiposeguro`
  ADD PRIMARY KEY (`TipoSeguro_Cod`);

--
-- Indexes for table `tipotelefono`
--
ALTER TABLE `tipotelefono`
  ADD PRIMARY KEY (`tipoTelefono_Cod`);

--
-- Indexes for table `usuarios`
--
ALTER TABLE `usuarios`
  ADD PRIMARY KEY (`id`);

--
-- AUTO_INCREMENT for dumped tables
--

--
-- AUTO_INCREMENT for table `actividadeslaborales`
--
ALTER TABLE `actividadeslaborales`
  MODIFY `ActividadLaboral_Cod` int(11) NOT NULL AUTO_INCREMENT, AUTO_INCREMENT=715;

--
-- AUTO_INCREMENT for table `autoridadsentenciadora`
--
ALTER TABLE `autoridadsentenciadora`
  MODIFY `AutoridadSentenciadora_Cod` int(11) NOT NULL AUTO_INCREMENT, AUTO_INCREMENT=14;

--
-- AUTO_INCREMENT for table `centroprocedencia`
--
ALTER TABLE `centroprocedencia`
  MODIFY `CentroProcedencia_Cod` int(11) NOT NULL AUTO_INCREMENT, AUTO_INCREMENT=6;

--
-- AUTO_INCREMENT for table `delitos`
--
ALTER TABLE `delitos`
  MODIFY `Delitos_Cod` int(11) NOT NULL AUTO_INCREMENT, AUTO_INCREMENT=14;

--
-- AUTO_INCREMENT for table `delitoscometidos`
--
ALTER TABLE `delitoscometidos`
  MODIFY `DelitoCometido_Cod` int(11) NOT NULL AUTO_INCREMENT;

--
-- AUTO_INCREMENT for table `delitosxpersona`
--
ALTER TABLE `delitosxpersona`
  MODIFY `idExpediente` bigint(20) NOT NULL AUTO_INCREMENT, AUTO_INCREMENT=2;

--
-- AUTO_INCREMENT for table `direccionxpersona`
--
ALTER TABLE `direccionxpersona`
  MODIFY `id` int(11) NOT NULL AUTO_INCREMENT;

--
-- AUTO_INCREMENT for table `empleoxpersona`
--
ALTER TABLE `empleoxpersona`
  MODIFY `id` int(11) NOT NULL AUTO_INCREMENT, AUTO_INCREMENT=2;

--
-- AUTO_INCREMENT for table `escolaridad`
--
ALTER TABLE `escolaridad`
  MODIFY `Escolaridad_Cod` int(11) NOT NULL AUTO_INCREMENT, AUTO_INCREMENT=15;

--
-- AUTO_INCREMENT for table `estadocivil`
--
ALTER TABLE `estadocivil`
  MODIFY `EstadoCivil_Cod` int(11) NOT NULL AUTO_INCREMENT, AUTO_INCREMENT=13;

--
-- AUTO_INCREMENT for table `grupos`
--
ALTER TABLE `grupos`
  MODIFY `id` int(11) NOT NULL AUTO_INCREMENT, AUTO_INCREMENT=5;

--
-- AUTO_INCREMENT for table `grupousuarios`
--
ALTER TABLE `grupousuarios`
  MODIFY `id` int(11) NOT NULL AUTO_INCREMENT, AUTO_INCREMENT=2;

--
-- AUTO_INCREMENT for table `login_attempts`
--
ALTER TABLE `login_attempts`
  MODIFY `id` int(11) NOT NULL AUTO_INCREMENT;

--
-- AUTO_INCREMENT for table `modalidadfirma`
--
ALTER TABLE `modalidadfirma`
  MODIFY `ModalidadFirma_Cod` int(11) NOT NULL AUTO_INCREMENT, AUTO_INCREMENT=13;

--
-- AUTO_INCREMENT for table `nacionalidad`
--
ALTER TABLE `nacionalidad`
  MODIFY `Nacionalidad_Cod` int(11) NOT NULL AUTO_INCREMENT, AUTO_INCREMENT=13;

--
-- AUTO_INCREMENT for table `tipodireccion`
--
ALTER TABLE `tipodireccion`
  MODIFY `tipoDireccion_Cod` int(11) NOT NULL AUTO_INCREMENT, AUTO_INCREMENT=3;

--
-- AUTO_INCREMENT for table `tiposeguro`
--
ALTER TABLE `tiposeguro`
  MODIFY `TipoSeguro_Cod` int(11) NOT NULL AUTO_INCREMENT, AUTO_INCREMENT=3;

--
-- AUTO_INCREMENT for table `tipotelefono`
--
ALTER TABLE `tipotelefono`
  MODIFY `tipoTelefono_Cod` int(11) NOT NULL AUTO_INCREMENT;

--
-- AUTO_INCREMENT for table `usuarios`
--
ALTER TABLE `usuarios`
  MODIFY `id` int(11) NOT NULL AUTO_INCREMENT, AUTO_INCREMENT=2;

--
-- Constraints for dumped tables
--

--
-- Constraints for table `delitoscometidos`
--
ALTER TABLE `delitoscometidos`
  ADD CONSTRAINT `delitoscometidos_ibfk_2` FOREIGN KEY (`Delitos_Ref`) REFERENCES `delitos` (`Delitos_Cod`),
  ADD CONSTRAINT `fk_delitoscometidos_delitosxpersona1` FOREIGN KEY (`IDregistro`) REFERENCES `delitosxpersona` (`idExpediente`) ON DELETE NO ACTION ON UPDATE NO ACTION;

--
-- Constraints for table `delitosxpersona`
--
ALTER TABLE `delitosxpersona`
  ADD CONSTRAINT `delitosxpersona_ibfk_2` FOREIGN KEY (`CentroProcedencia_Ref`) REFERENCES `centroprocedencia` (`CentroProcedencia_Cod`),
  ADD CONSTRAINT `delitosxpersona_ibfk_3` FOREIGN KEY (`AutoridadSentenciadora_Ref`) REFERENCES `autoridadsentenciadora` (`AutoridadSentenciadora_Cod`),
  ADD CONSTRAINT `fk_delitosxpersona_Usuarios1` FOREIGN KEY (`Usuarios_id`) REFERENCES `usuarios` (`id`) ON DELETE NO ACTION ON UPDATE NO ACTION,
  ADD CONSTRAINT `fk_delitosxpersona_modalidadfirma1` FOREIGN KEY (`TIPOFIRMA`) REFERENCES `modalidadfirma` (`ModalidadFirma_Cod`) ON DELETE NO ACTION ON UPDATE NO ACTION,
  ADD CONSTRAINT `fk_delitosxpersona_persona1` FOREIGN KEY (`persona_cedula`) REFERENCES `persona` (`cedula`) ON DELETE NO ACTION ON UPDATE NO ACTION;

--
-- Constraints for table `direccionxpersona`
--
ALTER TABLE `direccionxpersona`
  ADD CONSTRAINT `direccionxpersona_ibfk_2` FOREIGN KEY (`Provincia_Ref`) REFERENCES `provincia` (`Provincia_Cod`),
  ADD CONSTRAINT `direccionxpersona_ibfk_3` FOREIGN KEY (`Canton_Ref`) REFERENCES `canton` (`Canton_Cod`),
  ADD CONSTRAINT `direccionxpersona_ibfk_4` FOREIGN KEY (`Distrito_Ref`) REFERENCES `distrito` (`Distrito_Cod`),
  ADD CONSTRAINT `direccionxpersona_ibfk_5` FOREIGN KEY (`tipoDireccion_Ref`) REFERENCES `tipodireccion` (`tipoDireccion_Cod`),
  ADD CONSTRAINT `fk_direccionxpersona_persona1` FOREIGN KEY (`persona_cedula`) REFERENCES `persona` (`cedula`) ON DELETE NO ACTION ON UPDATE NO ACTION;

--
-- Constraints for table `empleoxpersona`
--
ALTER TABLE `empleoxpersona`
  ADD CONSTRAINT `empleoxpersona_ibfk_2` FOREIGN KEY (`TipoSeguro_Ref`) REFERENCES `tiposeguro` (`TipoSeguro_Cod`),
  ADD CONSTRAINT `empleoxpersona_ibfk_3` FOREIGN KEY (`ActividadLaboral_Ref`) REFERENCES `actividadeslaborales` (`ActividadLaboral_Cod`),
  ADD CONSTRAINT `fk_empleoxpersona_persona1` FOREIGN KEY (`persona_cedula`) REFERENCES `persona` (`cedula`) ON DELETE NO ACTION ON UPDATE NO ACTION;

--
-- Constraints for table `grupousuarios`
--
ALTER TABLE `grupousuarios`
  ADD CONSTRAINT `fk_GrupoUsuarios_Grupos1` FOREIGN KEY (`group_id`) REFERENCES `grupos` (`id`) ON DELETE NO ACTION ON UPDATE NO ACTION,
  ADD CONSTRAINT `fk_GrupoUsuarios_Usuarios1` FOREIGN KEY (`user_id`) REFERENCES `usuarios` (`id`) ON DELETE NO ACTION ON UPDATE NO ACTION;

--
-- Constraints for table `persona`
--
ALTER TABLE `persona`
  ADD CONSTRAINT `persona_ibfk_1` FOREIGN KEY (`Nacionalidad_Ref`) REFERENCES `nacionalidad` (`Nacionalidad_Cod`),
  ADD CONSTRAINT `persona_ibfk_2` FOREIGN KEY (`EstadoCivil_Ref`) REFERENCES `estadocivil` (`EstadoCivil_Cod`),
  ADD CONSTRAINT `persona_ibfk_3` FOREIGN KEY (`Escolaridad_Ref`) REFERENCES `escolaridad` (`Escolaridad_Cod`);

--
-- Constraints for table `telefonoxpersona`
--
ALTER TABLE `telefonoxpersona`
  ADD CONSTRAINT `fk_telefonoxpersona_persona1` FOREIGN KEY (`persona_cedula`) REFERENCES `persona` (`cedula`) ON DELETE NO ACTION ON UPDATE NO ACTION,
  ADD CONSTRAINT `fk_telefonoxpersona_tipotelefono1` FOREIGN KEY (`tipotelefono_tipoTelefono_Cod`) REFERENCES `tipotelefono` (`tipoTelefono_Cod`) ON DELETE NO ACTION ON UPDATE NO ACTION;
COMMIT;

/*!40101 SET CHARACTER_SET_CLIENT=@OLD_CHARACTER_SET_CLIENT */;
/*!40101 SET CHARACTER_SET_RESULTS=@OLD_CHARACTER_SET_RESULTS */;
/*!40101 SET COLLATION_CONNECTION=@OLD_COLLATION_CONNECTION */;
